{"name":"json_sortie","type":"FeatureCollection"
,"features":[
{"type":"Feature","geometry":{"type":"Point","coordinates":[282795.569,5040811.622]},"properties":{"POTEAU_ID_POT":219962,"DATE_CONCEPTION_POT":20120326000000,"DESCRIPTION_REP":"En conception","DESCRIPTION_RTP":"1- Tige et base","X":282795.569,"Y":5040811.622,"ID_ARRONDISSEMENT":"31","TRC_ID":1609627}}
,{"type":"Feature","geometry":{"type":"Point","coordinates":[281284.313,5041119.5]},"properties":{"POTEAU_ID_POT":220211,"DATE_CONCEPTION_POT":20120427000000,"DESCRIPTION_REP":"En conception","DESCRIPTION_RTP":"2- Tige et manchon","X":281284.313,"Y":5041119.5,"ID_ARRONDISSEMENT":"31","TRC_ID":4004229}}
,{"type":"Feature","geometry":{"type":"Point","coordinates":[273694.188,5035804.5]},"properties":{"POTEAU_ID_POT":220216,"DATE_CONCEPTION_POT":20120430000000,"DESCRIPTION_REP":"En conception","DESCRIPTION_RTP":"1- Tige et base","X":273694.188,"Y":5035804.5,"ID_ARRONDISSEMENT":"31","TRC_ID":4009672}}
,{"type":"Feature","geometry":{"type":"Point","coordinates":[273760.531,5035694]},"properties":{"POTEAU_ID_POT":220214,"DATE_CONCEPTION_POT":20120430000000,"DESCRIPTION_REP":"En conception","DESCRIPTION_RTP":"1- Tige et base","X":273760.531,"Y":5035694,"ID_ARRONDISSEMENT":"31","TRC_ID":4009672}}
,{"type":"Feature","geometry":{"type":"Point","coordinates":[276922.33,5040790.738]},"properties":{"POTEAU_ID_POT":224440,"DATE_CONCEPTION_POT":20130220000000,"DESCRIPTION_REP":"Enlevé","DESCRIPTION_RTP":"1- Tige et base","X":276922.33,"Y":5040790.738,"ID_ARRONDISSEMENT":"31","TRC_ID":4006447}}
,{"type":"Feature","geometry":{"type":"Point","coordinates":[276895.602,5040807.209]},"properties":{"POTEAU_ID_POT":224439,"DATE_CONCEPTION_POT":20130220000000,"DESCRIPTION_REP":"Enlevé","DESCRIPTION_RTP":"1- Tige et base","X":276895.602,"Y":5040807.209,"ID_ARRONDISSEMENT":"31","TRC_ID":4006447}}
,{"type":"Feature","geometry":{"type":"Point","coordinates":[273781.969,5035669]},"properties":{"POTEAU_ID_POT":220201,"DATE_CONCEPTION_POT":20120424000000,"DESCRIPTION_REP":"En conception","DESCRIPTION_RTP":"1- Tige et base","X":273781.969,"Y":5035669,"ID_ARRONDISSEMENT":"31","TRC_ID":1619526}}
,{"type":"Feature","geometry":{"type":"Point","coordinates":[273763.813,5035687.5]},"properties":{"POTEAU_ID_POT":220213,"DATE_CONCEPTION_POT":20120430000000,"DESCRIPTION_REP":"En conception","DESCRIPTION_RTP":"1- Tige et base","X":273763.813,"Y":5035687.5,"ID_ARRONDISSEMENT":"31","TRC_ID":4009672}}
,{"type":"Feature","geometry":{"type":"Point","coordinates":[276916,5040883]},"properties":{"POTEAU_ID_POT":224415,"DATE_CONCEPTION_POT":20130227000000,"DESCRIPTION_REP":"Enlevé","DESCRIPTION_RTP":"1- Tige et base","X":276916,"Y":5040883,"ID_ARRONDISSEMENT":"31","TRC_ID":1620728}}
,{"type":"Feature","geometry":{"type":"Point","coordinates":[276877.375,5040885]},"properties":{"POTEAU_ID_POT":224421,"DATE_CONCEPTION_POT":20130227000000,"DESCRIPTION_REP":"Enlevé","DESCRIPTION_RTP":"1- Tige et base","X":276877.375,"Y":5040885,"ID_ARRONDISSEMENT":"31","TRC_ID":1620717}}
,{"type":"Feature","geometry":{"type":"Point","coordinates":[276905.125,5040905]},"properties":{"POTEAU_ID_POT":224414,"DATE_CONCEPTION_POT":20130227000000,"DESCRIPTION_REP":"Réel","DESCRIPTION_RTP":"1- Tige et base","X":276905.125,"Y":5040905,"ID_ARRONDISSEMENT":"31","TRC_ID":1620717}}
,{"type":"Feature","geometry":{"type":"Point","coordinates":[276922.813,5040892]},"properties":{"POTEAU_ID_POT":224411,"DATE_CONCEPTION_POT":20130222000000,"DESCRIPTION_REP":"Enlevé","DESCRIPTION_RTP":"1- Tige et base","X":276922.813,"Y":5040892,"ID_ARRONDISSEMENT":"31","TRC_ID":1620717}}
,{"type":"Feature","geometry":{"type":"Point","coordinates":[273784.58,5035671.444]},"properties":{"POTEAU_ID_POT":220192,"DATE_CONCEPTION_POT":20120424000000,"DESCRIPTION_REP":"En conception","DESCRIPTION_RTP":"1- Tige et base","X":273784.58,"Y":5035671.444,"ID_ARRONDISSEMENT":"31","TRC_ID":1619526}}
,{"type":"Feature","geometry":{"type":"Point","coordinates":[280742.469,5040767]},"properties":{"POTEAU_ID_POT":216054,"DATE_CONCEPTION_POT":20110314000000,"DESCRIPTION_REP":"En conception","DESCRIPTION_RTP":"1- Tige et base","X":280742.469,"Y":5040767,"ID_ARRONDISSEMENT":"31","TRC_ID":1621827}}
,{"type":"Feature","geometry":{"type":"Point","coordinates":[276889,5040894]},"properties":{"POTEAU_ID_POT":224420,"DATE_CONCEPTION_POT":20130219000000,"DESCRIPTION_REP":"Réel","DESCRIPTION_RTP":"1- Tige et base","X":276889,"Y":5040894,"ID_ARRONDISSEMENT":"31","TRC_ID":1620717}}
,{"type":"Feature","geometry":{"type":"Point","coordinates":[273827.643,5035700.763]},"properties":{"POTEAU_ID_POT":222526,"DATE_CONCEPTION_POT":20120911000000,"DESCRIPTION_REP":"En conception","DESCRIPTION_RTP":"1- Tige et base","X":273827.643,"Y":5035700.763,"ID_ARRONDISSEMENT":"31","TRC_ID":1619526}}
,{"type":"Feature","geometry":{"type":"Point","coordinates":[284587.527,5040975.276]},"properties":{"POTEAU_ID_POT":75415,"DATE_CONCEPTION_POT":19991130000000,"DESCRIPTION_REP":"Réel","DESCRIPTION_RTP":"4- Poteau en bois","X":284587.527,"Y":5040975.276,"ID_ARRONDISSEMENT":"31","TRC_ID":1610882}}
,{"type":"Feature","geometry":{"type":"Point","coordinates":[273927.563,5035759]},"properties":{"POTEAU_ID_POT":220215,"DATE_CONCEPTION_POT":20140715000000,"DESCRIPTION_REP":"Réel","DESCRIPTION_RTP":"1- Tige et base","X":273927.563,"Y":5035759,"ID_ARRONDISSEMENT":"31","TRC_ID":1619524}}
,{"type":"Feature","geometry":{"type":"Point","coordinates":[278080.156,5039842]},"properties":{"POTEAU_ID_POT":224418,"DATE_CONCEPTION_POT":20130219000000,"DESCRIPTION_REP":"Enlevé","DESCRIPTION_RTP":"1- Tige et base","X":278080.156,"Y":5039842,"ID_ARRONDISSEMENT":"31","TRC_ID":4008154}}
,{"type":"Feature","geometry":{"type":"Point","coordinates":[280775.252,5040726.694]},"properties":{"POTEAU_ID_POT":216050,"DATE_CONCEPTION_POT":20110314000000,"DESCRIPTION_REP":"En conception","DESCRIPTION_RTP":"1- Tige et base","X":280775.252,"Y":5040726.694,"ID_ARRONDISSEMENT":"31","TRC_ID":1621827}}
,{"type":"Feature","geometry":{"type":"Point","coordinates":[280726.416,5040782.962]},"properties":{"POTEAU_ID_POT":216045,"DATE_CONCEPTION_POT":20110314000000,"DESCRIPTION_REP":"En conception","DESCRIPTION_RTP":"11- Pot. bois/feux","X":280726.416,"Y":5040782.962,"ID_ARRONDISSEMENT":"31","TRC_ID":1621827}}
,{"type":"Feature","geometry":{"type":"Point","coordinates":[280821.219,5040704]},"properties":{"POTEAU_ID_POT":216053,"DATE_CONCEPTION_POT":20110314000000,"DESCRIPTION_REP":"Enlevé","DESCRIPTION_RTP":"1- Tige et base","X":280821.219,"Y":5040704,"ID_ARRONDISSEMENT":"31","TRC_ID":1621826}}
,{"type":"Feature","geometry":{"type":"Point","coordinates":[278120.938,5039877]},"properties":{"POTEAU_ID_POT":224419,"DATE_CONCEPTION_POT":20130219000000,"DESCRIPTION_REP":"Enlevé","DESCRIPTION_RTP":"1- Tige et base","X":278120.938,"Y":5039877,"ID_ARRONDISSEMENT":"31","TRC_ID":4008154}}
,{"type":"Feature","geometry":{"type":"Point","coordinates":[283935.318,5040795.369]},"properties":{"POTEAU_ID_POT":220128,"DATE_CONCEPTION_POT":20120416000000,"DESCRIPTION_REP":"Enlevé","DESCRIPTION_RTP":"1- Tige et base","X":283935.318,"Y":5040795.369,"ID_ARRONDISSEMENT":"31","TRC_ID":4004438}}
,{"type":"Feature","geometry":{"type":"Point","coordinates":[273870.168,5035722.992]},"properties":{"POTEAU_ID_POT":222505,"DATE_CONCEPTION_POT":20120910000000,"DESCRIPTION_REP":"En conception","DESCRIPTION_RTP":"1- Tige et base","X":273870.168,"Y":5035722.992,"ID_ARRONDISSEMENT":"31","TRC_ID":1619525}}
,{"type":"Feature","geometry":{"type":"Point","coordinates":[277206.188,5040875.5]},"properties":{"POTEAU_ID_POT":224416,"DATE_CONCEPTION_POT":20140407000000,"DESCRIPTION_REP":"En conception","DESCRIPTION_RTP":"1- Tige et base","X":277206.188,"Y":5040875.5,"ID_ARRONDISSEMENT":"31","TRC_ID":1620760}}
,{"type":"Feature","geometry":{"type":"Point","coordinates":[278173.063,5039916.5]},"properties":{"POTEAU_ID_POT":224417,"DATE_CONCEPTION_POT":20130219000000,"DESCRIPTION_REP":"Enlevé","DESCRIPTION_RTP":"1- Tige et base","X":278173.063,"Y":5039916.5,"ID_ARRONDISSEMENT":"31","TRC_ID":4008154}}
,{"type":"Feature","geometry":{"type":"Point","coordinates":[276908.079,5040898.18]},"properties":{"POTEAU_ID_POT":224412,"DATE_CONCEPTION_POT":20130219000000,"DESCRIPTION_REP":"Enlevé","DESCRIPTION_RTP":"1- Tige et base","X":276908.079,"Y":5040898.18,"ID_ARRONDISSEMENT":"31","TRC_ID":1620717}}
,{"type":"Feature","geometry":{"type":"Point","coordinates":[280014.063,5041154]},"properties":{"POTEAU_ID_POT":216034,"DATE_CONCEPTION_POT":20140404000000,"DESCRIPTION_REP":"Réel","DESCRIPTION_RTP":"1- Tige et base","X":280014.063,"Y":5041154,"ID_ARRONDISSEMENT":"31","TRC_ID":1622170}}
,{"type":"Feature","geometry":{"type":"Point","coordinates":[282848.254,5040768.563]},"properties":{"POTEAU_ID_POT":219963,"DATE_CONCEPTION_POT":20120326000000,"DESCRIPTION_REP":"En conception","DESCRIPTION_RTP":"1- Tige et base","X":282848.254,"Y":5040768.563,"ID_ARRONDISSEMENT":"31","TRC_ID":1609626}}
,{"type":"Feature","geometry":{"type":"Point","coordinates":[281320.184,5041109.503]},"properties":{"POTEAU_ID_POT":220212,"DATE_CONCEPTION_POT":20120427000000,"DESCRIPTION_REP":"En conception","DESCRIPTION_RTP":"4- Poteau en bois","X":281320.184,"Y":5041109.503,"ID_ARRONDISSEMENT":"31","TRC_ID":4004229}}
,{"type":"Feature","geometry":{"type":"Point","coordinates":[280731.125,5040775.5]},"properties":{"POTEAU_ID_POT":216036,"DATE_CONCEPTION_POT":20110314000000,"DESCRIPTION_REP":"En conception","DESCRIPTION_RTP":"4- Poteau en bois","X":280731.125,"Y":5040775.5,"ID_ARRONDISSEMENT":"31","TRC_ID":1621827}}
,{"type":"Feature","geometry":{"type":"Point","coordinates":[276948.594,5040907.5]},"properties":{"POTEAU_ID_POT":224410,"DATE_CONCEPTION_POT":20130227000000,"DESCRIPTION_REP":"Réel","DESCRIPTION_RTP":"1- Tige et base","X":276948.594,"Y":5040907.5,"ID_ARRONDISSEMENT":"31","TRC_ID":1620717}}
,{"type":"Feature","geometry":{"type":"Point","coordinates":[283914.344,5040769]},"properties":{"POTEAU_ID_POT":220225,"DATE_CONCEPTION_POT":20120501000000,"DESCRIPTION_REP":"En conception","DESCRIPTION_RTP":"1- Tige et base","X":283914.344,"Y":5040769,"ID_ARRONDISSEMENT":"31","TRC_ID":4004438}}
,{"type":"Feature","geometry":{"type":"Point","coordinates":[280736.791,5040744.114]},"properties":{"POTEAU_ID_POT":216052,"DATE_CONCEPTION_POT":20110314000000,"DESCRIPTION_REP":"Enlevé","DESCRIPTION_RTP":"1- Tige et base","X":280736.791,"Y":5040744.114,"ID_ARRONDISSEMENT":"31","TRC_ID":1621827}}
,{"type":"Feature","geometry":{"type":"Point","coordinates":[273855.969,5035552]},"properties":{"POTEAU_ID_POT":220224,"DATE_CONCEPTION_POT":20120501000000,"DESCRIPTION_REP":"En conception","DESCRIPTION_RTP":"1- Tige et base","X":273855.969,"Y":5035552,"ID_ARRONDISSEMENT":"31","TRC_ID":4009673}}
,{"type":"Feature","geometry":{"type":"Point","coordinates":[280745.719,5040782.5]},"properties":{"POTEAU_ID_POT":216035,"DATE_CONCEPTION_POT":20110314000000,"DESCRIPTION_REP":"En conception","DESCRIPTION_RTP":"1- Tige et base","X":280745.719,"Y":5040782.5,"ID_ARRONDISSEMENT":"31","TRC_ID":1621827}}
,{"type":"Feature","geometry":{"type":"Point","coordinates":[280745.816,5040760.085]},"properties":{"POTEAU_ID_POT":216044,"DATE_CONCEPTION_POT":20110314000000,"DESCRIPTION_REP":"En conception","DESCRIPTION_RTP":"4- Poteau en bois","X":280745.816,"Y":5040760.085,"ID_ARRONDISSEMENT":"31","TRC_ID":1621827}}
,{"type":"Feature","geometry":{"type":"Point","coordinates":[280719.438,5040756]},"properties":{"POTEAU_ID_POT":216039,"DATE_CONCEPTION_POT":20110311000000,"DESCRIPTION_REP":"Réel","DESCRIPTION_RTP":"1- Tige et base","X":280719.438,"Y":5040756,"ID_ARRONDISSEMENT":"31","TRC_ID":1621827}}
,{"type":"Feature","geometry":{"type":"Point","coordinates":[280716.156,5040792]},"properties":{"POTEAU_ID_POT":216032,"DATE_CONCEPTION_POT":20110311000000,"DESCRIPTION_REP":"En conception","DESCRIPTION_RTP":"1- Tige et base","X":280716.156,"Y":5040792,"ID_ARRONDISSEMENT":"31","TRC_ID":1621827}}
,{"type":"Feature","geometry":{"type":"Point","coordinates":[280783.809,5040697.942]},"properties":{"POTEAU_ID_POT":216031,"DATE_CONCEPTION_POT":20110310000000,"DESCRIPTION_REP":"En conception","DESCRIPTION_RTP":"1- Tige et base","X":280783.809,"Y":5040697.942,"ID_ARRONDISSEMENT":"31","TRC_ID":1621827}}
,{"type":"Feature","geometry":{"type":"Point","coordinates":[280736.961,5040744.217]},"properties":{"POTEAU_ID_POT":216049,"DATE_CONCEPTION_POT":20110314000000,"DESCRIPTION_REP":"En conception","DESCRIPTION_RTP":"1- Tige et base","X":280736.961,"Y":5040744.217,"ID_ARRONDISSEMENT":"31","TRC_ID":1621827}}
,{"type":"Feature","geometry":{"type":"Point","coordinates":[280756.625,5040745.673]},"properties":{"POTEAU_ID_POT":216048,"DATE_CONCEPTION_POT":20110314000000,"DESCRIPTION_REP":"En conception","DESCRIPTION_RTP":"4- Poteau en bois","X":280756.625,"Y":5040745.673,"ID_ARRONDISSEMENT":"31","TRC_ID":1621827}}
,{"type":"Feature","geometry":{"type":"Point","coordinates":[273828.719,5035550]},"properties":{"POTEAU_ID_POT":220223,"DATE_CONCEPTION_POT":20120501000000,"DESCRIPTION_REP":"En conception","DESCRIPTION_RTP":"1- Tige et base","X":273828.719,"Y":5035550,"ID_ARRONDISSEMENT":"31","TRC_ID":4009673}}
]}
