{"name":"json_sortie","type":"FeatureCollection"
,"features":[
{"type":"Feature","geometry":{"type":"Point","coordinates":[296562.206,5034485.909]},"properties":{"POTEAU_ID_POT":151767,"DATE_CONCEPTION_POT":20030423000000,"DESCRIPTION_REP":"Réel","DESCRIPTION_RTP":"3- Fût","X":296562.206,"Y":5034485.909,"ID_ARRONDISSEMENT":"17","TRC_ID":1600291}}
,{"type":"Feature","geometry":{"type":"Point","coordinates":[296560.127,5034494.19]},"properties":{"POTEAU_ID_POT":151768,"DATE_CONCEPTION_POT":20030423000000,"DESCRIPTION_REP":"Réel","DESCRIPTION_RTP":"4- Poteau en bois","X":296560.127,"Y":5034494.19,"ID_ARRONDISSEMENT":"17","TRC_ID":1600291}}
,{"type":"Feature","geometry":{"type":"Point","coordinates":[296576.913,5034423.903]},"properties":{"POTEAU_ID_POT":151770,"DATE_CONCEPTION_POT":20030423000000,"DESCRIPTION_REP":"Réel","DESCRIPTION_RTP":"4- Poteau en bois","X":296576.913,"Y":5034423.903,"ID_ARRONDISSEMENT":"17","TRC_ID":1600291}}
,{"type":"Feature","geometry":{"type":"Point","coordinates":[296585.359,5034388.67]},"properties":{"POTEAU_ID_POT":151773,"DATE_CONCEPTION_POT":20030423000000,"DESCRIPTION_REP":"Réel","DESCRIPTION_RTP":"4- Poteau en bois","X":296585.359,"Y":5034388.67,"ID_ARRONDISSEMENT":"17","TRC_ID":1600291}}
,{"type":"Feature","geometry":{"type":"Point","coordinates":[296589.475,5034371.058]},"properties":{"POTEAU_ID_POT":151774,"DATE_CONCEPTION_POT":20030423000000,"DESCRIPTION_REP":"Réel","DESCRIPTION_RTP":"4- Poteau en bois","X":296589.475,"Y":5034371.058,"ID_ARRONDISSEMENT":"17","TRC_ID":1600291}}
,{"type":"Feature","geometry":{"type":"Point","coordinates":[296580.905,5034360.657]},"properties":{"POTEAU_ID_POT":58821,"DATE_CONCEPTION_POT":19990923000000,"DESCRIPTION_REP":"Réel","DESCRIPTION_RTP":"4- Poteau en bois","X":296580.905,"Y":5034360.657,"ID_ARRONDISSEMENT":"17","TRC_ID":4006595}}
,{"type":"Feature","geometry":{"type":"Point","coordinates":[295750.019,5035153.544]},"properties":{"POTEAU_ID_POT":87761,"DATE_CONCEPTION_POT":20000607000000,"DESCRIPTION_REP":"Réel","DESCRIPTION_RTP":"4- Poteau en bois","X":295750.019,"Y":5035153.544,"ID_ARRONDISSEMENT":"17","TRC_ID":4008968}}
,{"type":"Feature","geometry":{"type":"Point","coordinates":[296594.176,5034338.255]},"properties":{"POTEAU_ID_POT":58760,"DATE_CONCEPTION_POT":null,"DESCRIPTION_REP":"Réel","DESCRIPTION_RTP":"4- Poteau en bois","X":296594.176,"Y":5034338.255,"ID_ARRONDISSEMENT":"17","TRC_ID":4006596}}
,{"type":"Feature","geometry":{"type":"Point","coordinates":[296590.813,5034347]},"properties":{"POTEAU_ID_POT":155788,"DATE_CONCEPTION_POT":20091217000000,"DESCRIPTION_REP":"Réel","DESCRIPTION_RTP":"1- Tige et base","X":296590.813,"Y":5034347,"ID_ARRONDISSEMENT":"17","TRC_ID":4006595}}
,{"type":"Feature","geometry":{"type":"Point","coordinates":[296590.225,5034367.098]},"properties":{"POTEAU_ID_POT":58764,"DATE_CONCEPTION_POT":null,"DESCRIPTION_REP":"Réel","DESCRIPTION_RTP":"3- Fût","X":296590.225,"Y":5034367.098,"ID_ARRONDISSEMENT":"17","TRC_ID":1600291}}
,{"type":"Feature","geometry":{"type":"Point","coordinates":[297026.133,5033061.582]},"properties":{"POTEAU_ID_POT":62185,"DATE_CONCEPTION_POT":19990110000000,"DESCRIPTION_REP":"Réel","DESCRIPTION_RTP":"1- Tige et base","X":297026.133,"Y":5033061.582,"ID_ARRONDISSEMENT":"17","TRC_ID":1624201}}
,{"type":"Feature","geometry":{"type":"Point","coordinates":[296584.575,5034344.546]},"properties":{"POTEAU_ID_POT":58761,"DATE_CONCEPTION_POT":20040604000000,"DESCRIPTION_REP":"Enlevé","DESCRIPTION_RTP":"1- Tige et base","X":296584.575,"Y":5034344.546,"ID_ARRONDISSEMENT":"17","TRC_ID":4006595}}
,{"type":"Feature","geometry":{"type":"Point","coordinates":[295862.633,5035225.751]},"properties":{"POTEAU_ID_POT":87766,"DATE_CONCEPTION_POT":20000607000000,"DESCRIPTION_REP":"Réel","DESCRIPTION_RTP":"4- Poteau en bois","X":295862.633,"Y":5035225.751,"ID_ARRONDISSEMENT":"17","TRC_ID":4008971}}
,{"type":"Feature","geometry":{"type":"Point","coordinates":[295854.954,5035232.141]},"properties":{"POTEAU_ID_POT":87774,"DATE_CONCEPTION_POT":20000607000000,"DESCRIPTION_REP":"Réel","DESCRIPTION_RTP":"1- Tige et base","X":295854.954,"Y":5035232.141,"ID_ARRONDISSEMENT":"17","TRC_ID":4008971}}
,{"type":"Feature","geometry":{"type":"Point","coordinates":[295797.281,5035185.087]},"properties":{"POTEAU_ID_POT":87763,"DATE_CONCEPTION_POT":20000607000000,"DESCRIPTION_REP":"Réel","DESCRIPTION_RTP":"4- Poteau en bois","X":295797.281,"Y":5035185.087,"ID_ARRONDISSEMENT":"17","TRC_ID":4008970}}
,{"type":"Feature","geometry":{"type":"Point","coordinates":[295781.61,5035175.296]},"properties":{"POTEAU_ID_POT":87762,"DATE_CONCEPTION_POT":20000607000000,"DESCRIPTION_REP":"Réel","DESCRIPTION_RTP":"4- Poteau en bois","X":295781.61,"Y":5035175.296,"ID_ARRONDISSEMENT":"17","TRC_ID":4008970}}
,{"type":"Feature","geometry":{"type":"Point","coordinates":[295869.636,5035241.802]},"properties":{"POTEAU_ID_POT":87776,"DATE_CONCEPTION_POT":20000607000000,"DESCRIPTION_REP":"Réel","DESCRIPTION_RTP":"9- Autres","X":295869.636,"Y":5035241.802,"ID_ARRONDISSEMENT":"17","TRC_ID":4008971}}
,{"type":"Feature","geometry":{"type":"Point","coordinates":[296553.174,5034522.913]},"properties":{"POTEAU_ID_POT":144765,"DATE_CONCEPTION_POT":null,"DESCRIPTION_REP":"Réel","DESCRIPTION_RTP":"3- Fût","X":296553.174,"Y":5034522.913,"ID_ARRONDISSEMENT":"17","TRC_ID":1600291}}
,{"type":"Feature","geometry":{"type":"Point","coordinates":[295731.328,5035154.354]},"properties":{"POTEAU_ID_POT":87747,"DATE_CONCEPTION_POT":20000507000000,"DESCRIPTION_REP":"Réel","DESCRIPTION_RTP":"1- Tige et base","X":295731.328,"Y":5035154.354,"ID_ARRONDISSEMENT":"17","TRC_ID":4008968}}
,{"type":"Feature","geometry":{"type":"Point","coordinates":[295836.535,5035209.189]},"properties":{"POTEAU_ID_POT":87765,"DATE_CONCEPTION_POT":20000607000000,"DESCRIPTION_REP":"Réel","DESCRIPTION_RTP":"4- Poteau en bois","X":295836.535,"Y":5035209.189,"ID_ARRONDISSEMENT":"17","TRC_ID":4008971}}
,{"type":"Feature","geometry":{"type":"Point","coordinates":[295879.031,5035236.642]},"properties":{"POTEAU_ID_POT":87767,"DATE_CONCEPTION_POT":20000607000000,"DESCRIPTION_REP":"Réel","DESCRIPTION_RTP":"4- Poteau en bois","X":295879.031,"Y":5035236.642,"ID_ARRONDISSEMENT":"17","TRC_ID":4008971}}
,{"type":"Feature","geometry":{"type":"Point","coordinates":[296514.03,5034634]},"properties":{"POTEAU_ID_POT":60118,"DATE_CONCEPTION_POT":null,"DESCRIPTION_REP":"Réel","DESCRIPTION_RTP":"1- Tige et base","X":296514.03,"Y":5034634,"ID_ARRONDISSEMENT":"17","TRC_ID":4008811}}
,{"type":"Feature","geometry":{"type":"Point","coordinates":[296535.25,5034598]},"properties":{"POTEAU_ID_POT":160652,"DATE_CONCEPTION_POT":20130123000000,"DESCRIPTION_REP":"Réel","DESCRIPTION_RTP":"3- Fût","X":296535.25,"Y":5034598,"ID_ARRONDISSEMENT":"17","TRC_ID":4010490}}
,{"type":"Feature","geometry":{"type":"Point","coordinates":[296570.413,5034452.246]},"properties":{"POTEAU_ID_POT":152383,"DATE_CONCEPTION_POT":20030626000000,"DESCRIPTION_REP":"Réel","DESCRIPTION_RTP":"3- Fût","X":296570.413,"Y":5034452.246,"ID_ARRONDISSEMENT":"17","TRC_ID":1600291}}
,{"type":"Feature","geometry":{"type":"Point","coordinates":[296567.468,5034466.177]},"properties":{"POTEAU_ID_POT":151769,"DATE_CONCEPTION_POT":20030423000000,"DESCRIPTION_REP":"Réel","DESCRIPTION_RTP":"4- Poteau en bois","X":296567.468,"Y":5034466.177,"ID_ARRONDISSEMENT":"17","TRC_ID":1600291}}
,{"type":"Feature","geometry":{"type":"Point","coordinates":[296517.75,5034640]},"properties":{"POTEAU_ID_POT":160532,"DATE_CONCEPTION_POT":20060606000000,"DESCRIPTION_REP":"Réel","DESCRIPTION_RTP":"1- Tige et base","X":296517.75,"Y":5034640,"ID_ARRONDISSEMENT":"17","TRC_ID":4010490}}
,{"type":"Feature","geometry":{"type":"Point","coordinates":[296592.563,5034345]},"properties":{"POTEAU_ID_POT":58762,"DATE_CONCEPTION_POT":20091217000000,"DESCRIPTION_REP":"Réel","DESCRIPTION_RTP":"1- Tige et base","X":296592.563,"Y":5034345,"ID_ARRONDISSEMENT":"17","TRC_ID":4006596}}
,{"type":"Feature","geometry":{"type":"Point","coordinates":[295943.136,5035272.635]},"properties":{"POTEAU_ID_POT":87769,"DATE_CONCEPTION_POT":20000607000000,"DESCRIPTION_REP":"Réel","DESCRIPTION_RTP":"4- Poteau en bois","X":295943.136,"Y":5035272.635,"ID_ARRONDISSEMENT":"17","TRC_ID":4008971}}
,{"type":"Feature","geometry":{"type":"Point","coordinates":[296486.44,5034588]},"properties":{"POTEAU_ID_POT":144766,"DATE_CONCEPTION_POT":null,"DESCRIPTION_REP":"Réel","DESCRIPTION_RTP":"3- Fût","X":296486.44,"Y":5034588,"ID_ARRONDISSEMENT":"17","TRC_ID":1340589}}
,{"type":"Feature","geometry":{"type":"Point","coordinates":[296596.309,5034322.097]},"properties":{"POTEAU_ID_POT":221026,"DATE_CONCEPTION_POT":20120620000000,"DESCRIPTION_REP":"Réel","DESCRIPTION_RTP":"1- Tige et base","X":296596.309,"Y":5034322.097,"ID_ARRONDISSEMENT":"17","TRC_ID":4006596}}
,{"type":"Feature","geometry":{"type":"Point","coordinates":[295874.766,5035244.703]},"properties":{"POTEAU_ID_POT":87777,"DATE_CONCEPTION_POT":20000607000000,"DESCRIPTION_REP":"Réel","DESCRIPTION_RTP":"1- Tige et base","X":295874.766,"Y":5035244.703,"ID_ARRONDISSEMENT":"17","TRC_ID":4008971}}
,{"type":"Feature","geometry":{"type":"Point","coordinates":[295908.089,5035255.414]},"properties":{"POTEAU_ID_POT":87768,"DATE_CONCEPTION_POT":20000607000000,"DESCRIPTION_REP":"Réel","DESCRIPTION_RTP":"4- Poteau en bois","X":295908.089,"Y":5035255.414,"ID_ARRONDISSEMENT":"17","TRC_ID":4008971}}
,{"type":"Feature","geometry":{"type":"Point","coordinates":[296584.212,5034392.31]},"properties":{"POTEAU_ID_POT":85414,"DATE_CONCEPTION_POT":null,"DESCRIPTION_REP":"Réel","DESCRIPTION_RTP":"3- Fût","X":296584.212,"Y":5034392.31,"ID_ARRONDISSEMENT":"17","TRC_ID":1600291}}
,{"type":"Feature","geometry":{"type":"Point","coordinates":[295769.311,5035178.066]},"properties":{"POTEAU_ID_POT":87772,"DATE_CONCEPTION_POT":20000607000000,"DESCRIPTION_REP":"Réel","DESCRIPTION_RTP":"9- Autres","X":295769.311,"Y":5035178.066,"ID_ARRONDISSEMENT":"17","TRC_ID":4008968}}
,{"type":"Feature","geometry":{"type":"Point","coordinates":[295813.935,5035195.568]},"properties":{"POTEAU_ID_POT":87764,"DATE_CONCEPTION_POT":20000607000000,"DESCRIPTION_REP":"Réel","DESCRIPTION_RTP":"4- Poteau en bois","X":295813.935,"Y":5035195.568,"ID_ARRONDISSEMENT":"17","TRC_ID":4008970}}
,{"type":"Feature","geometry":{"type":"Point","coordinates":[296517,5034638.5]},"properties":{"POTEAU_ID_POT":151765,"DATE_CONCEPTION_POT":20030423000000,"DESCRIPTION_REP":"Enlevé","DESCRIPTION_RTP":"1- Tige et base","X":296517,"Y":5034638.5,"ID_ARRONDISSEMENT":"17","TRC_ID":4008811}}
,{"type":"Feature","geometry":{"type":"Point","coordinates":[296522.88,5034638]},"properties":{"POTEAU_ID_POT":60119,"DATE_CONCEPTION_POT":19990927000000,"DESCRIPTION_REP":"Réel","DESCRIPTION_RTP":"3- Fût","X":296522.88,"Y":5034638,"ID_ARRONDISSEMENT":"17","TRC_ID":4010490}}
,{"type":"Feature","geometry":{"type":"Point","coordinates":[295771.959,5035179.746]},"properties":{"POTEAU_ID_POT":87771,"DATE_CONCEPTION_POT":20000607000000,"DESCRIPTION_REP":"Réel","DESCRIPTION_RTP":"4- Poteau en bois","X":295771.959,"Y":5035179.746,"ID_ARRONDISSEMENT":"17","TRC_ID":4008970}}
,{"type":"Feature","geometry":{"type":"Point","coordinates":[295822.488,5035211.569]},"properties":{"POTEAU_ID_POT":87773,"DATE_CONCEPTION_POT":20000607000000,"DESCRIPTION_REP":"Réel","DESCRIPTION_RTP":"9- Autres","X":295822.488,"Y":5035211.569,"ID_ARRONDISSEMENT":"17","TRC_ID":4008970}}
,{"type":"Feature","geometry":{"type":"Point","coordinates":[295861.717,5035235.642]},"properties":{"POTEAU_ID_POT":87775,"DATE_CONCEPTION_POT":20000607000000,"DESCRIPTION_REP":"Réel","DESCRIPTION_RTP":"4- Poteau en bois","X":295861.717,"Y":5035235.642,"ID_ARRONDISSEMENT":"17","TRC_ID":4008971}}
,{"type":"Feature","geometry":{"type":"Point","coordinates":[295935.383,5035285.936]},"properties":{"POTEAU_ID_POT":87778,"DATE_CONCEPTION_POT":20000607000000,"DESCRIPTION_REP":"Réel","DESCRIPTION_RTP":"9- Autres","X":295935.383,"Y":5035285.936,"ID_ARRONDISSEMENT":"17","TRC_ID":4008971}}
,{"type":"Feature","geometry":{"type":"Point","coordinates":[296543.127,5034563.877]},"properties":{"POTEAU_ID_POT":151766,"DATE_CONCEPTION_POT":20030423000000,"DESCRIPTION_REP":"Réel","DESCRIPTION_RTP":"3- Fût","X":296543.127,"Y":5034563.877,"ID_ARRONDISSEMENT":"17","TRC_ID":1340589}}
]}
