{"name":"json_sortie","type":"FeatureCollection"
,"features":[
{"type":"Feature","geometry":{"type":"Point","coordinates":[294515.25,5052520]},"properties":{"POTEAU_ID_POT":220535,"DATE_CONCEPTION_POT":20120804000000,"DESCRIPTION_REP":"En conception","DESCRIPTION_RTP":"2- Tige et manchon","X":294515.25,"Y":5052520,"ID_ARRONDISSEMENT":"16","TRC_ID":1610745}}
,{"type":"Feature","geometry":{"type":"Point","coordinates":[294528.594,5052557]},"properties":{"POTEAU_ID_POT":220533,"DATE_CONCEPTION_POT":20120804000000,"DESCRIPTION_REP":"En conception","DESCRIPTION_RTP":"2- Tige et manchon","X":294528.594,"Y":5052557,"ID_ARRONDISSEMENT":"16","TRC_ID":1610745}}
,{"type":"Feature","geometry":{"type":"Point","coordinates":[294555.313,5052622]},"properties":{"POTEAU_ID_POT":220531,"DATE_CONCEPTION_POT":20120804000000,"DESCRIPTION_REP":"En conception","DESCRIPTION_RTP":"2- Tige et manchon","X":294555.313,"Y":5052622,"ID_ARRONDISSEMENT":"16","TRC_ID":1610745}}
,{"type":"Feature","geometry":{"type":"Point","coordinates":[294007.083,5051991.48]},"properties":{"POTEAU_ID_POT":226241,"DATE_CONCEPTION_POT":20130719000000,"DESCRIPTION_REP":"Réel","DESCRIPTION_RTP":"2- Tige et manchon","X":294007.083,"Y":5051991.48,"ID_ARRONDISSEMENT":"16","TRC_ID":1610637}}
,{"type":"Feature","geometry":{"type":"Point","coordinates":[294003.969,5051945.5]},"properties":{"POTEAU_ID_POT":226208,"DATE_CONCEPTION_POT":20130719000000,"DESCRIPTION_REP":"Réel","DESCRIPTION_RTP":"4- Poteau en bois","X":294003.969,"Y":5051945.5,"ID_ARRONDISSEMENT":"16","TRC_ID":1610637}}
,{"type":"Feature","geometry":{"type":"Point","coordinates":[295456.082,5054326.925]},"properties":{"POTEAU_ID_POT":226180,"DATE_CONCEPTION_POT":20130717000000,"DESCRIPTION_REP":"Réel","DESCRIPTION_RTP":"4- Poteau en bois","X":295456.082,"Y":5054326.925,"ID_ARRONDISSEMENT":"16","TRC_ID":4009501}}
,{"type":"Feature","geometry":{"type":"Point","coordinates":[295358.151,5052685.79]},"properties":{"POTEAU_ID_POT":227358,"DATE_CONCEPTION_POT":20131021000000,"DESCRIPTION_REP":"Réel","DESCRIPTION_RTP":"3- Fût","X":295358.151,"Y":5052685.79,"ID_ARRONDISSEMENT":"16","TRC_ID":1610994}}
,{"type":"Feature","geometry":{"type":"Point","coordinates":[294561,5052634.5]},"properties":{"POTEAU_ID_POT":220530,"DATE_CONCEPTION_POT":20120804000000,"DESCRIPTION_REP":"En conception","DESCRIPTION_RTP":"2- Tige et manchon","X":294561,"Y":5052634.5,"ID_ARRONDISSEMENT":"16","TRC_ID":1610745}}
,{"type":"Feature","geometry":{"type":"Point","coordinates":[294587.844,5052702.5]},"properties":{"POTEAU_ID_POT":220528,"DATE_CONCEPTION_POT":20120804000000,"DESCRIPTION_REP":"En conception","DESCRIPTION_RTP":"2- Tige et manchon","X":294587.844,"Y":5052702.5,"ID_ARRONDISSEMENT":"16","TRC_ID":1611138}}
,{"type":"Feature","geometry":{"type":"Point","coordinates":[294613.719,5052761.5]},"properties":{"POTEAU_ID_POT":220527,"DATE_CONCEPTION_POT":20120804000000,"DESCRIPTION_REP":"En conception","DESCRIPTION_RTP":"2- Tige et manchon","X":294613.719,"Y":5052761.5,"ID_ARRONDISSEMENT":"16","TRC_ID":1611138}}
,{"type":"Feature","geometry":{"type":"Point","coordinates":[293989.531,5051949.5]},"properties":{"POTEAU_ID_POT":226207,"DATE_CONCEPTION_POT":20130719000000,"DESCRIPTION_REP":"Réel","DESCRIPTION_RTP":"2- Tige et manchon","X":293989.531,"Y":5051949.5,"ID_ARRONDISSEMENT":"16","TRC_ID":1610637}}
,{"type":"Feature","geometry":{"type":"Point","coordinates":[294619.813,5052778.5]},"properties":{"POTEAU_ID_POT":220525,"DATE_CONCEPTION_POT":20120804000000,"DESCRIPTION_REP":"En conception","DESCRIPTION_RTP":"2- Tige et manchon","X":294619.813,"Y":5052778.5,"ID_ARRONDISSEMENT":"16","TRC_ID":1611138}}
,{"type":"Feature","geometry":{"type":"Point","coordinates":[294668.281,5052893]},"properties":{"POTEAU_ID_POT":220524,"DATE_CONCEPTION_POT":20120804000000,"DESCRIPTION_REP":"En conception","DESCRIPTION_RTP":"10- Fût et feux","X":294668.281,"Y":5052893,"ID_ARRONDISSEMENT":"16","TRC_ID":1611138}}
,{"type":"Feature","geometry":{"type":"Point","coordinates":[294315.375,5051348.5]},"properties":{"POTEAU_ID_POT":220601,"DATE_CONCEPTION_POT":20120526000000,"DESCRIPTION_REP":"Réel","DESCRIPTION_RTP":"2- Tige et manchon","X":294315.375,"Y":5051348.5,"ID_ARRONDISSEMENT":"16","TRC_ID":1610695}}
,{"type":"Feature","geometry":{"type":"Point","coordinates":[293996.089,5052055.699]},"properties":{"POTEAU_ID_POT":226242,"DATE_CONCEPTION_POT":20130719000000,"DESCRIPTION_REP":"Réel","DESCRIPTION_RTP":"3- Fût","X":293996.089,"Y":5052055.699,"ID_ARRONDISSEMENT":"16","TRC_ID":1610637}}
,{"type":"Feature","geometry":{"type":"Point","coordinates":[294579.719,5051477.5]},"properties":{"POTEAU_ID_POT":220596,"DATE_CONCEPTION_POT":20120526000000,"DESCRIPTION_REP":"Réel","DESCRIPTION_RTP":"10- Fût et feux","X":294579.719,"Y":5051477.5,"ID_ARRONDISSEMENT":"16","TRC_ID":1610652}}
,{"type":"Feature","geometry":{"type":"Point","coordinates":[294646.25,5052926]},"properties":{"POTEAU_ID_POT":220523,"DATE_CONCEPTION_POT":20120526000000,"DESCRIPTION_REP":"Réel","DESCRIPTION_RTP":"4- Poteau en bois","X":294646.25,"Y":5052926,"ID_ARRONDISSEMENT":"16","TRC_ID":1610966}}
,{"type":"Feature","geometry":{"type":"Point","coordinates":[293970.25,5051809]},"properties":{"POTEAU_ID_POT":226249,"DATE_CONCEPTION_POT":20130719000000,"DESCRIPTION_REP":"Réel","DESCRIPTION_RTP":"4- Poteau en bois","X":293970.25,"Y":5051809,"ID_ARRONDISSEMENT":"16","TRC_ID":1610607}}
,{"type":"Feature","geometry":{"type":"Point","coordinates":[294701.188,5051533.5]},"properties":{"POTEAU_ID_POT":220593,"DATE_CONCEPTION_POT":20120526000000,"DESCRIPTION_REP":"Réel","DESCRIPTION_RTP":"2- Tige et manchon","X":294701.188,"Y":5051533.5,"ID_ARRONDISSEMENT":"16","TRC_ID":1610905}}
,{"type":"Feature","geometry":{"type":"Point","coordinates":[294190.479,5049947.945]},"properties":{"POTEAU_ID_POT":228550,"DATE_CONCEPTION_POT":20140413000000,"DESCRIPTION_REP":"Réel","DESCRIPTION_RTP":"2- Tige et manchon","X":294190.479,"Y":5049947.945,"ID_ARRONDISSEMENT":"16","TRC_ID":1610336}}
,{"type":"Feature","geometry":{"type":"Point","coordinates":[294156.326,5049995.349]},"properties":{"POTEAU_ID_POT":228551,"DATE_CONCEPTION_POT":20140413000000,"DESCRIPTION_REP":"Réel","DESCRIPTION_RTP":"2- Tige et manchon","X":294156.326,"Y":5049995.349,"ID_ARRONDISSEMENT":"16","TRC_ID":1610375}}
,{"type":"Feature","geometry":{"type":"Point","coordinates":[293994.535,5052034.319]},"properties":{"POTEAU_ID_POT":226243,"DATE_CONCEPTION_POT":20130719000000,"DESCRIPTION_REP":"Réel","DESCRIPTION_RTP":"3- Fût","X":293994.535,"Y":5052034.319,"ID_ARRONDISSEMENT":"16","TRC_ID":1610637}}
,{"type":"Feature","geometry":{"type":"Point","coordinates":[294238.152,5049885.715]},"properties":{"POTEAU_ID_POT":228552,"DATE_CONCEPTION_POT":20140413000000,"DESCRIPTION_REP":"Réel","DESCRIPTION_RTP":"2- Tige et manchon","X":294238.152,"Y":5049885.715,"ID_ARRONDISSEMENT":"16","TRC_ID":1610338}}
,{"type":"Feature","geometry":{"type":"Point","coordinates":[292902.542,5049209.621]},"properties":{"POTEAU_ID_POT":10208,"DATE_CONCEPTION_POT":null,"DESCRIPTION_REP":"Réel","DESCRIPTION_RTP":"4- Poteau en bois","X":292902.542,"Y":5049209.621,"ID_ARRONDISSEMENT":"16","TRC_ID":1609999}}
,{"type":"Feature","geometry":{"type":"Point","coordinates":[293998.604,5048550.257]},"properties":{"POTEAU_ID_POT":10094,"DATE_CONCEPTION_POT":19990521000000,"DESCRIPTION_REP":"Réel","DESCRIPTION_RTP":"10- Fût et feux","X":293998.604,"Y":5048550.257,"ID_ARRONDISSEMENT":"16","TRC_ID":1624703}}
,{"type":"Feature","geometry":{"type":"Point","coordinates":[294056.028,5048515.594]},"properties":{"POTEAU_ID_POT":10092,"DATE_CONCEPTION_POT":19990521000000,"DESCRIPTION_REP":"Réel","DESCRIPTION_RTP":"3- Fût","X":294056.028,"Y":5048515.594,"ID_ARRONDISSEMENT":"16","TRC_ID":1624703}}
,{"type":"Feature","geometry":{"type":"Point","coordinates":[294309.336,5049786.242]},"properties":{"POTEAU_ID_POT":228553,"DATE_CONCEPTION_POT":20140413000000,"DESCRIPTION_REP":"Réel","DESCRIPTION_RTP":"2- Tige et manchon","X":294309.336,"Y":5049786.242,"ID_ARRONDISSEMENT":"16","TRC_ID":1610385}}
,{"type":"Feature","geometry":{"type":"Point","coordinates":[295294.077,5052637.635]},"properties":{"POTEAU_ID_POT":227359,"DATE_CONCEPTION_POT":20131021000000,"DESCRIPTION_REP":"Réel","DESCRIPTION_RTP":"2- Tige et manchon","X":295294.077,"Y":5052637.635,"ID_ARRONDISSEMENT":"16","TRC_ID":1610992}}
,{"type":"Feature","geometry":{"type":"Point","coordinates":[294081.153,5048500.872]},"properties":{"POTEAU_ID_POT":10091,"DATE_CONCEPTION_POT":19990521000000,"DESCRIPTION_REP":"Réel","DESCRIPTION_RTP":"3- Fût","X":294081.153,"Y":5048500.872,"ID_ARRONDISSEMENT":"16","TRC_ID":1624703}}
,{"type":"Feature","geometry":{"type":"Point","coordinates":[294376.396,5049696.508]},"properties":{"POTEAU_ID_POT":228554,"DATE_CONCEPTION_POT":20140413000000,"DESCRIPTION_REP":"Réel","DESCRIPTION_RTP":"2- Tige et manchon","X":294376.396,"Y":5049696.508,"ID_ARRONDISSEMENT":"16","TRC_ID":1610392}}
,{"type":"Feature","geometry":{"type":"Point","coordinates":[293999.743,5051891.487]},"properties":{"POTEAU_ID_POT":226251,"DATE_CONCEPTION_POT":20130719000000,"DESCRIPTION_REP":"Réel","DESCRIPTION_RTP":"4- Poteau en bois","X":293999.743,"Y":5051891.487,"ID_ARRONDISSEMENT":"16","TRC_ID":1610638}}
,{"type":"Feature","geometry":{"type":"Point","coordinates":[294142.413,5048476.88]},"properties":{"POTEAU_ID_POT":9892,"DATE_CONCEPTION_POT":19990521000000,"DESCRIPTION_REP":"Réel","DESCRIPTION_RTP":"10- Fût et feux","X":294142.413,"Y":5048476.88,"ID_ARRONDISSEMENT":"16","TRC_ID":1624703}}
,{"type":"Feature","geometry":{"type":"Point","coordinates":[294232.031,5049947]},"properties":{"POTEAU_ID_POT":220650,"DATE_CONCEPTION_POT":20140413000000,"DESCRIPTION_REP":"Réel","DESCRIPTION_RTP":"10- Fût et feux","X":294232.031,"Y":5049947,"ID_ARRONDISSEMENT":"16","TRC_ID":1610335}}
,{"type":"Feature","geometry":{"type":"Point","coordinates":[293976.625,5051854]},"properties":{"POTEAU_ID_POT":226248,"DATE_CONCEPTION_POT":20130719000000,"DESCRIPTION_REP":"Réel","DESCRIPTION_RTP":"4- Poteau en bois","X":293976.625,"Y":5051854,"ID_ARRONDISSEMENT":"16","TRC_ID":1610640}}
,{"type":"Feature","geometry":{"type":"Point","coordinates":[293994.906,5051859]},"properties":{"POTEAU_ID_POT":226253,"DATE_CONCEPTION_POT":20130719000000,"DESCRIPTION_REP":"Réel","DESCRIPTION_RTP":"1- Tige et base","X":293994.906,"Y":5051859,"ID_ARRONDISSEMENT":"16","TRC_ID":1610638}}
,{"type":"Feature","geometry":{"type":"Point","coordinates":[293966.406,5051889]},"properties":{"POTEAU_ID_POT":226255,"DATE_CONCEPTION_POT":20130719000000,"DESCRIPTION_REP":"Réel","DESCRIPTION_RTP":"1- Tige et base","X":293966.406,"Y":5051889,"ID_ARRONDISSEMENT":"16","TRC_ID":1610640}}
,{"type":"Feature","geometry":{"type":"Point","coordinates":[294870.188,5051673]},"properties":{"POTEAU_ID_POT":220590,"DATE_CONCEPTION_POT":20120526000000,"DESCRIPTION_REP":"Réel","DESCRIPTION_RTP":"4- Poteau en bois","X":294870.188,"Y":5051673,"ID_ARRONDISSEMENT":"16","TRC_ID":1610872}}
,{"type":"Feature","geometry":{"type":"Point","coordinates":[294404.867,5049658.001]},"properties":{"POTEAU_ID_POT":228555,"DATE_CONCEPTION_POT":20140413000000,"DESCRIPTION_REP":"Réel","DESCRIPTION_RTP":"2- Tige et manchon","X":294404.867,"Y":5049658.001,"ID_ARRONDISSEMENT":"16","TRC_ID":1610395}}
,{"type":"Feature","geometry":{"type":"Point","coordinates":[294476.388,5049560.922]},"properties":{"POTEAU_ID_POT":228556,"DATE_CONCEPTION_POT":20140413000000,"DESCRIPTION_REP":"Réel","DESCRIPTION_RTP":"2- Tige et manchon","X":294476.388,"Y":5049560.922,"ID_ARRONDISSEMENT":"16","TRC_ID":1610398}}
,{"type":"Feature","geometry":{"type":"Point","coordinates":[294699.657,5049267.662]},"properties":{"POTEAU_ID_POT":228557,"DATE_CONCEPTION_POT":20140413000000,"DESCRIPTION_REP":"Réel","DESCRIPTION_RTP":"2- Tige et manchon","X":294699.657,"Y":5049267.662,"ID_ARRONDISSEMENT":"16","TRC_ID":1625061}}
,{"type":"Feature","geometry":{"type":"Point","coordinates":[294690.938,5049413]},"properties":{"POTEAU_ID_POT":220632,"DATE_CONCEPTION_POT":20120527000000,"DESCRIPTION_REP":"Réel","DESCRIPTION_RTP":"4- Poteau en bois","X":294690.938,"Y":5049413,"ID_ARRONDISSEMENT":"16","TRC_ID":1610415}}
,{"type":"Feature","geometry":{"type":"Point","coordinates":[294160.594,5050040]},"properties":{"POTEAU_ID_POT":220653,"DATE_CONCEPTION_POT":20140413000000,"DESCRIPTION_REP":"Réel","DESCRIPTION_RTP":"10- Fût et feux","X":294160.594,"Y":5050040,"ID_ARRONDISSEMENT":"16","TRC_ID":1610373}}
,{"type":"Feature","geometry":{"type":"Point","coordinates":[294598.668,5049518.095]},"properties":{"POTEAU_ID_POT":220634,"DATE_CONCEPTION_POT":20120527000000,"DESCRIPTION_REP":"Réel","DESCRIPTION_RTP":"2- Tige et manchon","X":294598.668,"Y":5049518.095,"ID_ARRONDISSEMENT":"16","TRC_ID":1610403}}
,{"type":"Feature","geometry":{"type":"Point","coordinates":[294593.063,5049457.5]},"properties":{"POTEAU_ID_POT":220633,"DATE_CONCEPTION_POT":20120527000000,"DESCRIPTION_REP":"Réel","DESCRIPTION_RTP":"4- Poteau en bois","X":294593.063,"Y":5049457.5,"ID_ARRONDISSEMENT":"16","TRC_ID":1610408}}
,{"type":"Feature","geometry":{"type":"Point","coordinates":[294586.085,5049411.66]},"properties":{"POTEAU_ID_POT":228558,"DATE_CONCEPTION_POT":20140413000000,"DESCRIPTION_REP":"Réel","DESCRIPTION_RTP":"2- Tige et manchon","X":294586.085,"Y":5049411.66,"ID_ARRONDISSEMENT":"16","TRC_ID":1610414}}
,{"type":"Feature","geometry":{"type":"Point","coordinates":[293992.123,5051995.542]},"properties":{"POTEAU_ID_POT":226244,"DATE_CONCEPTION_POT":20130719000000,"DESCRIPTION_REP":"Réel","DESCRIPTION_RTP":"4- Poteau en bois","X":293992.123,"Y":5051995.542,"ID_ARRONDISSEMENT":"16","TRC_ID":1610637}}
,{"type":"Feature","geometry":{"type":"Point","coordinates":[293584.906,5050466]},"properties":{"POTEAU_ID_POT":220630,"DATE_CONCEPTION_POT":20120527000000,"DESCRIPTION_REP":"Réel","DESCRIPTION_RTP":"3- Fût","X":293584.906,"Y":5050466,"ID_ARRONDISSEMENT":"16","TRC_ID":1610175}}
,{"type":"Feature","geometry":{"type":"Point","coordinates":[294080.656,5050149]},"properties":{"POTEAU_ID_POT":220656,"DATE_CONCEPTION_POT":20140413000000,"DESCRIPTION_REP":"Réel","DESCRIPTION_RTP":"10- Fût et feux","X":294080.656,"Y":5050149,"ID_ARRONDISSEMENT":"16","TRC_ID":1610359}}
,{"type":"Feature","geometry":{"type":"Point","coordinates":[294710.438,5049299]},"properties":{"POTEAU_ID_POT":220683,"DATE_CONCEPTION_POT":20140413000000,"DESCRIPTION_REP":"Réel","DESCRIPTION_RTP":"2- Tige et manchon","X":294710.438,"Y":5049299,"ID_ARRONDISSEMENT":"16","TRC_ID":4009224}}
,{"type":"Feature","geometry":{"type":"Point","coordinates":[293990.39,5051967.685]},"properties":{"POTEAU_ID_POT":226245,"DATE_CONCEPTION_POT":20130719000000,"DESCRIPTION_REP":"Réel","DESCRIPTION_RTP":"4- Poteau en bois","X":293990.39,"Y":5051967.685,"ID_ARRONDISSEMENT":"16","TRC_ID":1610637}}
,{"type":"Feature","geometry":{"type":"Point","coordinates":[293990.188,5050271]},"properties":{"POTEAU_ID_POT":220659,"DATE_CONCEPTION_POT":20140413000000,"DESCRIPTION_REP":"Réel","DESCRIPTION_RTP":"10- Fût et feux","X":293990.188,"Y":5050271,"ID_ARRONDISSEMENT":"16","TRC_ID":1610356}}
,{"type":"Feature","geometry":{"type":"Point","coordinates":[293936.875,5050344.5]},"properties":{"POTEAU_ID_POT":220660,"DATE_CONCEPTION_POT":20140413000000,"DESCRIPTION_REP":"Réel","DESCRIPTION_RTP":"10- Fût et feux","X":293936.875,"Y":5050344.5,"ID_ARRONDISSEMENT":"16","TRC_ID":1610499}}
,{"type":"Feature","geometry":{"type":"Point","coordinates":[293984.359,5051917.501]},"properties":{"POTEAU_ID_POT":226246,"DATE_CONCEPTION_POT":20130719000000,"DESCRIPTION_REP":"Réel","DESCRIPTION_RTP":"4- Poteau en bois","X":293984.359,"Y":5051917.501,"ID_ARRONDISSEMENT":"16","TRC_ID":1610638}}
,{"type":"Feature","geometry":{"type":"Point","coordinates":[293980.829,5051889.532]},"properties":{"POTEAU_ID_POT":226247,"DATE_CONCEPTION_POT":20130719000000,"DESCRIPTION_REP":"Réel","DESCRIPTION_RTP":"4- Poteau en bois","X":293980.829,"Y":5051889.532,"ID_ARRONDISSEMENT":"16","TRC_ID":1610638}}
,{"type":"Feature","geometry":{"type":"Point","coordinates":[295547.783,5051940.691]},"properties":{"POTEAU_ID_POT":220581,"DATE_CONCEPTION_POT":20120526000000,"DESCRIPTION_REP":"Réel","DESCRIPTION_RTP":"3- Fût","X":295547.783,"Y":5051940.691,"ID_ARRONDISSEMENT":"16","TRC_ID":1611098}}
,{"type":"Feature","geometry":{"type":"Point","coordinates":[294663.063,5049365.5]},"properties":{"POTEAU_ID_POT":220631,"DATE_CONCEPTION_POT":20140413000000,"DESCRIPTION_REP":"Réel","DESCRIPTION_RTP":"10- Fût et feux","X":294663.063,"Y":5049365.5,"ID_ARRONDISSEMENT":"16","TRC_ID":1610410}}
,{"type":"Feature","geometry":{"type":"Point","coordinates":[295364.25,5051851]},"properties":{"POTEAU_ID_POT":220584,"DATE_CONCEPTION_POT":20120526000000,"DESCRIPTION_REP":"Réel","DESCRIPTION_RTP":"3- Fût","X":295364.25,"Y":5051851,"ID_ARRONDISSEMENT":"16","TRC_ID":1611050}}
,{"type":"Feature","geometry":{"type":"Point","coordinates":[294112.455,5051526.85]},"properties":{"POTEAU_ID_POT":220567,"DATE_CONCEPTION_POT":20120526000000,"DESCRIPTION_REP":"Enlevé","DESCRIPTION_RTP":"10- Fût et feux","X":294112.455,"Y":5051526.85,"ID_ARRONDISSEMENT":"16","TRC_ID":1610600}}
,{"type":"Feature","geometry":{"type":"Point","coordinates":[294705.094,5052981.804]},"properties":{"POTEAU_ID_POT":220466,"DATE_CONCEPTION_POT":20120522000000,"DESCRIPTION_REP":"Enlevé","DESCRIPTION_RTP":"3- Fût","X":294705.094,"Y":5052981.804,"ID_ARRONDISSEMENT":"16","TRC_ID":1610969}}
,{"type":"Feature","geometry":{"type":"Point","coordinates":[293842.813,5051000.5]},"properties":{"POTEAU_ID_POT":220610,"DATE_CONCEPTION_POT":20120526000000,"DESCRIPTION_REP":"Réel","DESCRIPTION_RTP":"4- Poteau en bois","X":293842.813,"Y":5051000.5,"ID_ARRONDISSEMENT":"16","TRC_ID":1610243}}
,{"type":"Feature","geometry":{"type":"Point","coordinates":[294115.447,5051534.1]},"properties":{"POTEAU_ID_POT":220566,"DATE_CONCEPTION_POT":20120526000000,"DESCRIPTION_REP":"Réel","DESCRIPTION_RTP":"10- Fût et feux","X":294115.447,"Y":5051534.1,"ID_ARRONDISSEMENT":"16","TRC_ID":1610601}}
,{"type":"Feature","geometry":{"type":"Point","coordinates":[294559.899,5052636.053]},"properties":{"POTEAU_ID_POT":220467,"DATE_CONCEPTION_POT":20120522000000,"DESCRIPTION_REP":"Enlevé","DESCRIPTION_RTP":"3- Fût","X":294559.899,"Y":5052636.053,"ID_ARRONDISSEMENT":"16","TRC_ID":1610745}}
,{"type":"Feature","geometry":{"type":"Point","coordinates":[294052.875,5051221]},"properties":{"POTEAU_ID_POT":220606,"DATE_CONCEPTION_POT":20120526000000,"DESCRIPTION_REP":"Réel","DESCRIPTION_RTP":"2- Tige et manchon","X":294052.875,"Y":5051221,"ID_ARRONDISSEMENT":"16","TRC_ID":1610544}}
,{"type":"Feature","geometry":{"type":"Point","coordinates":[293982.717,5048559.318]},"properties":{"POTEAU_ID_POT":79265,"DATE_CONCEPTION_POT":null,"DESCRIPTION_REP":"Réel","DESCRIPTION_RTP":"10- Fût et feux","X":293982.717,"Y":5048559.318,"ID_ARRONDISSEMENT":"16","TRC_ID":1624704}}
,{"type":"Feature","geometry":{"type":"Point","coordinates":[294704.625,5052983.158]},"properties":{"POTEAU_ID_POT":220522,"DATE_CONCEPTION_POT":20120526000000,"DESCRIPTION_REP":"Réel","DESCRIPTION_RTP":"2- Tige et manchon","X":294704.625,"Y":5052983.158,"ID_ARRONDISSEMENT":"16","TRC_ID":1610969}}
,{"type":"Feature","geometry":{"type":"Point","coordinates":[294000.125,5051826.5]},"properties":{"POTEAU_ID_POT":226254,"DATE_CONCEPTION_POT":20130723000000,"DESCRIPTION_REP":"Réel","DESCRIPTION_RTP":"4- Poteau en bois","X":294000.125,"Y":5051826.5,"ID_ARRONDISSEMENT":"16","TRC_ID":1610606}}
,{"type":"Feature","geometry":{"type":"Point","coordinates":[294404.073,5052297.932]},"properties":{"POTEAU_ID_POT":220539,"DATE_CONCEPTION_POT":20120526000000,"DESCRIPTION_REP":"Réel","DESCRIPTION_RTP":"2- Tige et manchon","X":294404.073,"Y":5052297.932,"ID_ARRONDISSEMENT":"16","TRC_ID":1610837}}
,{"type":"Feature","geometry":{"type":"Point","coordinates":[293990.219,5052072.5]},"properties":{"POTEAU_ID_POT":226319,"DATE_CONCEPTION_POT":20130723000000,"DESCRIPTION_REP":"Réel","DESCRIPTION_RTP":"1- Tige et base","X":293990.219,"Y":5052072.5,"ID_ARRONDISSEMENT":"16","TRC_ID":1610911}}
,{"type":"Feature","geometry":{"type":"Point","coordinates":[293814.402,5048674.589]},"properties":{"POTEAU_ID_POT":79251,"DATE_CONCEPTION_POT":19990912000000,"DESCRIPTION_REP":"Réel","DESCRIPTION_RTP":"3- Fût","X":293814.402,"Y":5048674.589,"ID_ARRONDISSEMENT":"16","TRC_ID":1625026}}
,{"type":"Feature","geometry":{"type":"Point","coordinates":[295446.813,5054339]},"properties":{"POTEAU_ID_POT":63847,"DATE_CONCEPTION_POT":20130724000000,"DESCRIPTION_REP":"Réel","DESCRIPTION_RTP":"2- Tige et manchon","X":295446.813,"Y":5054339,"ID_ARRONDISSEMENT":"16","TRC_ID":null}}
,{"type":"Feature","geometry":{"type":"Point","coordinates":[293873.567,5048624.664]},"properties":{"POTEAU_ID_POT":79258,"DATE_CONCEPTION_POT":19990912000000,"DESCRIPTION_REP":"Réel","DESCRIPTION_RTP":"3- Fût","X":293873.567,"Y":5048624.664,"ID_ARRONDISSEMENT":"16","TRC_ID":1624704}}
,{"type":"Feature","geometry":{"type":"Point","coordinates":[295470.209,5051904.916]},"properties":{"POTEAU_ID_POT":220582,"DATE_CONCEPTION_POT":20120526000000,"DESCRIPTION_REP":"Réel","DESCRIPTION_RTP":"3- Fût","X":295470.209,"Y":5051904.916,"ID_ARRONDISSEMENT":"16","TRC_ID":1611101}}
,{"type":"Feature","geometry":{"type":"Point","coordinates":[294563.875,5049496.5]},"properties":{"POTEAU_ID_POT":220635,"DATE_CONCEPTION_POT":20140413000000,"DESCRIPTION_REP":"Réel","DESCRIPTION_RTP":"10- Fût et feux","X":294563.875,"Y":5049496.5,"ID_ARRONDISSEMENT":"16","TRC_ID":1610401}}
,{"type":"Feature","geometry":{"type":"Point","coordinates":[294526.031,5049548.5]},"properties":{"POTEAU_ID_POT":220637,"DATE_CONCEPTION_POT":20140413000000,"DESCRIPTION_REP":"Réel","DESCRIPTION_RTP":"10- Fût et feux","X":294526.031,"Y":5049548.5,"ID_ARRONDISSEMENT":"16","TRC_ID":1610397}}
,{"type":"Feature","geometry":{"type":"Point","coordinates":[294462.531,5049632]},"properties":{"POTEAU_ID_POT":220642,"DATE_CONCEPTION_POT":20140413000000,"DESCRIPTION_REP":"Réel","DESCRIPTION_RTP":"10- Fût et feux","X":294462.531,"Y":5049632,"ID_ARRONDISSEMENT":"16","TRC_ID":4000861}}
,{"type":"Feature","geometry":{"type":"Point","coordinates":[294415.684,5052275.268]},"properties":{"POTEAU_ID_POT":220468,"DATE_CONCEPTION_POT":20120522000000,"DESCRIPTION_REP":"Enlevé","DESCRIPTION_RTP":"3- Fût","X":294415.684,"Y":5052275.268,"ID_ARRONDISSEMENT":"16","TRC_ID":1610854}}
,{"type":"Feature","geometry":{"type":"Point","coordinates":[294413.531,5049699]},"properties":{"POTEAU_ID_POT":220645,"DATE_CONCEPTION_POT":20140413000000,"DESCRIPTION_REP":"Réel","DESCRIPTION_RTP":"2- Tige et manchon","X":294413.531,"Y":5049699,"ID_ARRONDISSEMENT":"16","TRC_ID":1610391}}
,{"type":"Feature","geometry":{"type":"Point","coordinates":[294482.142,5048876.094]},"properties":{"POTEAU_ID_POT":213578,"DATE_CONCEPTION_POT":20100616000000,"DESCRIPTION_REP":"Réel","DESCRIPTION_RTP":"4- Poteau en bois","X":294482.142,"Y":5048876.094,"ID_ARRONDISSEMENT":"16","TRC_ID":1610291}}
,{"type":"Feature","geometry":{"type":"Point","coordinates":[293830.561,5048659.948]},"properties":{"POTEAU_ID_POT":79252,"DATE_CONCEPTION_POT":19990912000000,"DESCRIPTION_REP":"Réel","DESCRIPTION_RTP":"10- Fût et feux","X":293830.561,"Y":5048659.948,"ID_ARRONDISSEMENT":"16","TRC_ID":1625026}}
,{"type":"Feature","geometry":{"type":"Point","coordinates":[294378.688,5049750.5]},"properties":{"POTEAU_ID_POT":220644,"DATE_CONCEPTION_POT":20140413000000,"DESCRIPTION_REP":"Réel","DESCRIPTION_RTP":"10- Fût et feux","X":294378.688,"Y":5049750.5,"ID_ARRONDISSEMENT":"16","TRC_ID":1610387}}
,{"type":"Feature","geometry":{"type":"Point","coordinates":[293108.875,5049401.5]},"properties":{"POTEAU_ID_POT":220615,"DATE_CONCEPTION_POT":20120527000000,"DESCRIPTION_REP":"Réel","DESCRIPTION_RTP":"2- Tige et manchon","X":293108.875,"Y":5049401.5,"ID_ARRONDISSEMENT":"16","TRC_ID":1609963}}
,{"type":"Feature","geometry":{"type":"Point","coordinates":[294306.281,5049842]},"properties":{"POTEAU_ID_POT":220648,"DATE_CONCEPTION_POT":20140413000000,"DESCRIPTION_REP":"Réel","DESCRIPTION_RTP":"10- Fût et feux","X":294306.281,"Y":5049842,"ID_ARRONDISSEMENT":"16","TRC_ID":1610381}}
,{"type":"Feature","geometry":{"type":"Point","coordinates":[293928.633,5048591.461]},"properties":{"POTEAU_ID_POT":79261,"DATE_CONCEPTION_POT":19990912000000,"DESCRIPTION_REP":"Réel","DESCRIPTION_RTP":"3- Fût","X":293928.633,"Y":5048591.461,"ID_ARRONDISSEMENT":"16","TRC_ID":1624704}}
,{"type":"Feature","geometry":{"type":"Point","coordinates":[293943.375,5051169.5]},"properties":{"POTEAU_ID_POT":220580,"DATE_CONCEPTION_POT":20120804000000,"DESCRIPTION_REP":"En conception","DESCRIPTION_RTP":"3- Fût","X":293943.375,"Y":5051169.5,"ID_ARRONDISSEMENT":"16","TRC_ID":1610511}}
,{"type":"Feature","geometry":{"type":"Point","coordinates":[293956.25,5051198.5]},"properties":{"POTEAU_ID_POT":220579,"DATE_CONCEPTION_POT":20120804000000,"DESCRIPTION_REP":"En conception","DESCRIPTION_RTP":"4- Poteau en bois","X":293956.25,"Y":5051198.5,"ID_ARRONDISSEMENT":"16","TRC_ID":1610511}}
,{"type":"Feature","geometry":{"type":"Point","coordinates":[293986.813,5051255.5]},"properties":{"POTEAU_ID_POT":220578,"DATE_CONCEPTION_POT":20120804000000,"DESCRIPTION_REP":"En conception","DESCRIPTION_RTP":"4- Poteau en bois","X":293986.813,"Y":5051255.5,"ID_ARRONDISSEMENT":"16","TRC_ID":1610512}}
,{"type":"Feature","geometry":{"type":"Point","coordinates":[293997.25,5051278.5]},"properties":{"POTEAU_ID_POT":220577,"DATE_CONCEPTION_POT":20120804000000,"DESCRIPTION_REP":"En conception","DESCRIPTION_RTP":"3- Fût","X":293997.25,"Y":5051278.5,"ID_ARRONDISSEMENT":"16","TRC_ID":1610512}}
,{"type":"Feature","geometry":{"type":"Point","coordinates":[294028.906,5051342.5]},"properties":{"POTEAU_ID_POT":220575,"DATE_CONCEPTION_POT":20120804000000,"DESCRIPTION_REP":"En conception","DESCRIPTION_RTP":"2- Tige et manchon","X":294028.906,"Y":5051342.5,"ID_ARRONDISSEMENT":"16","TRC_ID":1610633}}
,{"type":"Feature","geometry":{"type":"Point","coordinates":[294037.75,5051362.5]},"properties":{"POTEAU_ID_POT":220574,"DATE_CONCEPTION_POT":20120804000000,"DESCRIPTION_REP":"En conception","DESCRIPTION_RTP":"2- Tige et manchon","X":294037.75,"Y":5051362.5,"ID_ARRONDISSEMENT":"16","TRC_ID":1610633}}
,{"type":"Feature","geometry":{"type":"Point","coordinates":[294060.188,5051408]},"properties":{"POTEAU_ID_POT":220572,"DATE_CONCEPTION_POT":20120804000000,"DESCRIPTION_REP":"En conception","DESCRIPTION_RTP":"2- Tige et manchon","X":294060.188,"Y":5051408,"ID_ARRONDISSEMENT":"16","TRC_ID":1610613}}
,{"type":"Feature","geometry":{"type":"Point","coordinates":[294073,5051437.5]},"properties":{"POTEAU_ID_POT":220571,"DATE_CONCEPTION_POT":20120804000000,"DESCRIPTION_REP":"En conception","DESCRIPTION_RTP":"2- Tige et manchon","X":294073,"Y":5051437.5,"ID_ARRONDISSEMENT":"16","TRC_ID":1610613}}
,{"type":"Feature","geometry":{"type":"Point","coordinates":[294104.188,5051501.5]},"properties":{"POTEAU_ID_POT":220569,"DATE_CONCEPTION_POT":20120804000000,"DESCRIPTION_REP":"En conception","DESCRIPTION_RTP":"2- Tige et manchon","X":294104.188,"Y":5051501.5,"ID_ARRONDISSEMENT":"16","TRC_ID":1610605}}
,{"type":"Feature","geometry":{"type":"Point","coordinates":[293233.031,5049179]},"properties":{"POTEAU_ID_POT":228253,"DATE_CONCEPTION_POT":20140213000000,"DESCRIPTION_REP":"Réel","DESCRIPTION_RTP":"1- Tige et base","X":293233.031,"Y":5049179,"ID_ARRONDISSEMENT":"16","TRC_ID":1610066}}
,{"type":"Feature","geometry":{"type":"Point","coordinates":[293246.651,5049167.676]},"properties":{"POTEAU_ID_POT":228254,"DATE_CONCEPTION_POT":20140213000000,"DESCRIPTION_REP":"Réel","DESCRIPTION_RTP":"1- Tige et base","X":293246.651,"Y":5049167.676,"ID_ARRONDISSEMENT":"16","TRC_ID":1610066}}
,{"type":"Feature","geometry":{"type":"Point","coordinates":[294111.719,5051525]},"properties":{"POTEAU_ID_POT":220568,"DATE_CONCEPTION_POT":20120804000000,"DESCRIPTION_REP":"En conception","DESCRIPTION_RTP":"10- Fût et feux","X":294111.719,"Y":5051525,"ID_ARRONDISSEMENT":"16","TRC_ID":1610600}}
,{"type":"Feature","geometry":{"type":"Point","coordinates":[293989.91,5051947.283]},"properties":{"POTEAU_ID_POT":226206,"DATE_CONCEPTION_POT":20130718000000,"DESCRIPTION_REP":"Enlevé","DESCRIPTION_RTP":"1- Tige et base","X":293989.91,"Y":5051947.283,"ID_ARRONDISSEMENT":"16","TRC_ID":1610637}}
,{"type":"Feature","geometry":{"type":"Point","coordinates":[294133.813,5051574.5]},"properties":{"POTEAU_ID_POT":220563,"DATE_CONCEPTION_POT":20120804000000,"DESCRIPTION_REP":"En conception","DESCRIPTION_RTP":"2- Tige et manchon","X":294133.813,"Y":5051574.5,"ID_ARRONDISSEMENT":"16","TRC_ID":1610597}}
,{"type":"Feature","geometry":{"type":"Point","coordinates":[294143.719,5051598.5]},"properties":{"POTEAU_ID_POT":220564,"DATE_CONCEPTION_POT":20120804000000,"DESCRIPTION_REP":"En conception","DESCRIPTION_RTP":"2- Tige et manchon","X":294143.719,"Y":5051598.5,"ID_ARRONDISSEMENT":"16","TRC_ID":1610597}}
,{"type":"Feature","geometry":{"type":"Point","coordinates":[294166.063,5051660.5]},"properties":{"POTEAU_ID_POT":220561,"DATE_CONCEPTION_POT":20120804000000,"DESCRIPTION_REP":"En conception","DESCRIPTION_RTP":"2- Tige et manchon","X":294166.063,"Y":5051660.5,"ID_ARRONDISSEMENT":"16","TRC_ID":1610589}}
,{"type":"Feature","geometry":{"type":"Point","coordinates":[294172.438,5051685]},"properties":{"POTEAU_ID_POT":220560,"DATE_CONCEPTION_POT":20120804000000,"DESCRIPTION_REP":"En conception","DESCRIPTION_RTP":"2- Tige et manchon","X":294172.438,"Y":5051685,"ID_ARRONDISSEMENT":"16","TRC_ID":1610589}}
,{"type":"Feature","geometry":{"type":"Point","coordinates":[294182.438,5051719.5]},"properties":{"POTEAU_ID_POT":220559,"DATE_CONCEPTION_POT":20120804000000,"DESCRIPTION_REP":"En conception","DESCRIPTION_RTP":"4- Poteau en bois","X":294182.438,"Y":5051719.5,"ID_ARRONDISSEMENT":"16","TRC_ID":1610583}}
,{"type":"Feature","geometry":{"type":"Point","coordinates":[294198.031,5051780.5]},"properties":{"POTEAU_ID_POT":220558,"DATE_CONCEPTION_POT":20120804000000,"DESCRIPTION_REP":"En conception","DESCRIPTION_RTP":"10- Fût et feux","X":294198.031,"Y":5051780.5,"ID_ARRONDISSEMENT":"16","TRC_ID":1610579}}
,{"type":"Feature","geometry":{"type":"Point","coordinates":[293996.438,5052068]},"properties":{"POTEAU_ID_POT":226237,"DATE_CONCEPTION_POT":20130719000000,"DESCRIPTION_REP":"Réel","DESCRIPTION_RTP":"3- Fût","X":293996.438,"Y":5052068,"ID_ARRONDISSEMENT":"16","TRC_ID":1610911}}
,{"type":"Feature","geometry":{"type":"Point","coordinates":[294222.344,5051839.5]},"properties":{"POTEAU_ID_POT":220556,"DATE_CONCEPTION_POT":20120804000000,"DESCRIPTION_REP":"Réel","DESCRIPTION_RTP":"2- Tige et manchon","X":294222.344,"Y":5051839.5,"ID_ARRONDISSEMENT":"16","TRC_ID":1610573}}
,{"type":"Feature","geometry":{"type":"Point","coordinates":[294012.688,5052067]},"properties":{"POTEAU_ID_POT":226236,"DATE_CONCEPTION_POT":20130719000000,"DESCRIPTION_REP":"Réel","DESCRIPTION_RTP":"3- Fût","X":294012.688,"Y":5052067,"ID_ARRONDISSEMENT":"16","TRC_ID":1610911}}
,{"type":"Feature","geometry":{"type":"Point","coordinates":[294229.344,5051855]},"properties":{"POTEAU_ID_POT":220555,"DATE_CONCEPTION_POT":20120804000000,"DESCRIPTION_REP":"Réel","DESCRIPTION_RTP":"2- Tige et manchon","X":294229.344,"Y":5051855,"ID_ARRONDISSEMENT":"16","TRC_ID":1610573}}
,{"type":"Feature","geometry":{"type":"Point","coordinates":[294260.219,5051923.5]},"properties":{"POTEAU_ID_POT":220553,"DATE_CONCEPTION_POT":20120804000000,"DESCRIPTION_REP":"Réel","DESCRIPTION_RTP":"2- Tige et manchon","X":294260.219,"Y":5051923.5,"ID_ARRONDISSEMENT":"16","TRC_ID":1610570}}
,{"type":"Feature","geometry":{"type":"Point","coordinates":[294009.722,5052015.924]},"properties":{"POTEAU_ID_POT":226240,"DATE_CONCEPTION_POT":20130719000000,"DESCRIPTION_REP":"Réel","DESCRIPTION_RTP":"2- Tige et manchon","X":294009.722,"Y":5052015.924,"ID_ARRONDISSEMENT":"16","TRC_ID":1610637}}
,{"type":"Feature","geometry":{"type":"Point","coordinates":[294268.906,5051946]},"properties":{"POTEAU_ID_POT":220552,"DATE_CONCEPTION_POT":20120804000000,"DESCRIPTION_REP":"Réel","DESCRIPTION_RTP":"2- Tige et manchon","X":294268.906,"Y":5051946,"ID_ARRONDISSEMENT":"16","TRC_ID":1610570}}
,{"type":"Feature","geometry":{"type":"Point","coordinates":[294299.5,5052012]},"properties":{"POTEAU_ID_POT":220550,"DATE_CONCEPTION_POT":20120804000000,"DESCRIPTION_REP":"En conception","DESCRIPTION_RTP":"2- Tige et manchon","X":294299.5,"Y":5052012,"ID_ARRONDISSEMENT":"16","TRC_ID":1610565}}
,{"type":"Feature","geometry":{"type":"Point","coordinates":[294313.219,5052044]},"properties":{"POTEAU_ID_POT":220549,"DATE_CONCEPTION_POT":20120804000000,"DESCRIPTION_REP":"En conception","DESCRIPTION_RTP":"2- Tige et manchon","X":294313.219,"Y":5052044,"ID_ARRONDISSEMENT":"16","TRC_ID":1610565}}
,{"type":"Feature","geometry":{"type":"Point","coordinates":[294343.313,5052108]},"properties":{"POTEAU_ID_POT":220547,"DATE_CONCEPTION_POT":20120804000000,"DESCRIPTION_REP":"En conception","DESCRIPTION_RTP":"2- Tige et manchon","X":294343.313,"Y":5052108,"ID_ARRONDISSEMENT":"16","TRC_ID":1610861}}
,{"type":"Feature","geometry":{"type":"Point","coordinates":[294351.438,5052126.5]},"properties":{"POTEAU_ID_POT":220546,"DATE_CONCEPTION_POT":20120804000000,"DESCRIPTION_REP":"En conception","DESCRIPTION_RTP":"2- Tige et manchon","X":294351.438,"Y":5052126.5,"ID_ARRONDISSEMENT":"16","TRC_ID":1610861}}
,{"type":"Feature","geometry":{"type":"Point","coordinates":[294375.188,5052177.5]},"properties":{"POTEAU_ID_POT":220544,"DATE_CONCEPTION_POT":20120804000000,"DESCRIPTION_REP":"En conception","DESCRIPTION_RTP":"2- Tige et manchon","X":294375.188,"Y":5052177.5,"ID_ARRONDISSEMENT":"16","TRC_ID":1610858}}
,{"type":"Feature","geometry":{"type":"Point","coordinates":[294384.406,5052196]},"properties":{"POTEAU_ID_POT":220543,"DATE_CONCEPTION_POT":20120804000000,"DESCRIPTION_REP":"En conception","DESCRIPTION_RTP":"2- Tige et manchon","X":294384.406,"Y":5052196,"ID_ARRONDISSEMENT":"16","TRC_ID":1610858}}
,{"type":"Feature","geometry":{"type":"Point","coordinates":[295467.025,5052765.254]},"properties":{"POTEAU_ID_POT":227355,"DATE_CONCEPTION_POT":20131021000000,"DESCRIPTION_REP":"Réel","DESCRIPTION_RTP":"3- Fût","X":295467.025,"Y":5052765.254,"ID_ARRONDISSEMENT":"16","TRC_ID":1610998}}
,{"type":"Feature","geometry":{"type":"Point","coordinates":[294405.438,5052248.5]},"properties":{"POTEAU_ID_POT":220541,"DATE_CONCEPTION_POT":20120804000000,"DESCRIPTION_REP":"En conception","DESCRIPTION_RTP":"2- Tige et manchon","X":294405.438,"Y":5052248.5,"ID_ARRONDISSEMENT":"16","TRC_ID":1610854}}
,{"type":"Feature","geometry":{"type":"Point","coordinates":[295451.631,5052752.687]},"properties":{"POTEAU_ID_POT":227356,"DATE_CONCEPTION_POT":20131021000000,"DESCRIPTION_REP":"Réel","DESCRIPTION_RTP":"3- Fût","X":295451.631,"Y":5052752.687,"ID_ARRONDISSEMENT":"16","TRC_ID":1610996}}
,{"type":"Feature","geometry":{"type":"Point","coordinates":[295484.875,5052779.5]},"properties":{"POTEAU_ID_POT":227354,"DATE_CONCEPTION_POT":20131021000000,"DESCRIPTION_REP":"Réel","DESCRIPTION_RTP":"2- Tige et manchon","X":295484.875,"Y":5052779.5,"ID_ARRONDISSEMENT":"16","TRC_ID":1610982}}
,{"type":"Feature","geometry":{"type":"Point","coordinates":[294415.563,5052275.5]},"properties":{"POTEAU_ID_POT":220540,"DATE_CONCEPTION_POT":20120804000000,"DESCRIPTION_REP":"En conception","DESCRIPTION_RTP":"10- Fût et feux","X":294415.563,"Y":5052275.5,"ID_ARRONDISSEMENT":"16","TRC_ID":1610854}}
,{"type":"Feature","geometry":{"type":"Point","coordinates":[294730.13,5049261.266]},"properties":{"POTEAU_ID_POT":73891,"DATE_CONCEPTION_POT":null,"DESCRIPTION_REP":"Réel","DESCRIPTION_RTP":"3- Fût","X":294730.13,"Y":5049261.266,"ID_ARRONDISSEMENT":"16","TRC_ID":1625061}}
,{"type":"Feature","geometry":{"type":"Point","coordinates":[294473.531,5052416]},"properties":{"POTEAU_ID_POT":220536,"DATE_CONCEPTION_POT":20120804000000,"DESCRIPTION_REP":"En conception","DESCRIPTION_RTP":"2- Tige et manchon","X":294473.531,"Y":5052416,"ID_ARRONDISSEMENT":"16","TRC_ID":1610847}}
,{"type":"Feature","geometry":{"type":"Point","coordinates":[295422.439,5052733.661]},"properties":{"POTEAU_ID_POT":227357,"DATE_CONCEPTION_POT":20131021000000,"DESCRIPTION_REP":"Réel","DESCRIPTION_RTP":"3- Fût","X":295422.439,"Y":5052733.661,"ID_ARRONDISSEMENT":"16","TRC_ID":1610996}}
,{"type":"Feature","geometry":{"type":"Point","coordinates":[294480.719,5052432]},"properties":{"POTEAU_ID_POT":220538,"DATE_CONCEPTION_POT":20120804000000,"DESCRIPTION_REP":"En conception","DESCRIPTION_RTP":"2- Tige et manchon","X":294480.719,"Y":5052432,"ID_ARRONDISSEMENT":"16","TRC_ID":1610847}}
,{"type":"Feature","geometry":{"type":"Point","coordinates":[294567.938,5049579]},"properties":{"POTEAU_ID_POT":220636,"DATE_CONCEPTION_POT":20120527000000,"DESCRIPTION_REP":"Réel","DESCRIPTION_RTP":"4- Poteau en bois","X":294567.938,"Y":5049579,"ID_ARRONDISSEMENT":"16","TRC_ID":1610399}}
,{"type":"Feature","geometry":{"type":"Point","coordinates":[294503.613,5049577.058]},"properties":{"POTEAU_ID_POT":220638,"DATE_CONCEPTION_POT":20120527000000,"DESCRIPTION_REP":"Réel","DESCRIPTION_RTP":"2- Tige et manchon","X":294503.613,"Y":5049577.058,"ID_ARRONDISSEMENT":"16","TRC_ID":1610397}}
,{"type":"Feature","geometry":{"type":"Point","coordinates":[294526.688,5049624.5]},"properties":{"POTEAU_ID_POT":220639,"DATE_CONCEPTION_POT":20120527000000,"DESCRIPTION_REP":"Réel","DESCRIPTION_RTP":"3- Fût","X":294526.688,"Y":5049624.5,"ID_ARRONDISSEMENT":"16","TRC_ID":1610396}}
,{"type":"Feature","geometry":{"type":"Point","coordinates":[294502.652,5049604.842]},"properties":{"POTEAU_ID_POT":220640,"DATE_CONCEPTION_POT":20120527000000,"DESCRIPTION_REP":"Réel","DESCRIPTION_RTP":"3- Fût","X":294502.652,"Y":5049604.842,"ID_ARRONDISSEMENT":"16","TRC_ID":1610396}}
,{"type":"Feature","geometry":{"type":"Point","coordinates":[294472.25,5049617]},"properties":{"POTEAU_ID_POT":220641,"DATE_CONCEPTION_POT":20120527000000,"DESCRIPTION_REP":"Réel","DESCRIPTION_RTP":"10- Fût et feux","X":294472.25,"Y":5049617,"ID_ARRONDISSEMENT":"16","TRC_ID":4000860}}
,{"type":"Feature","geometry":{"type":"Point","coordinates":[294455,5049724]},"properties":{"POTEAU_ID_POT":220643,"DATE_CONCEPTION_POT":20120527000000,"DESCRIPTION_REP":"Réel","DESCRIPTION_RTP":"4- Poteau en bois","X":294455,"Y":5049724,"ID_ARRONDISSEMENT":"16","TRC_ID":1610393}}
,{"type":"Feature","geometry":{"type":"Point","coordinates":[294424.094,5049782]},"properties":{"POTEAU_ID_POT":220646,"DATE_CONCEPTION_POT":20120527000000,"DESCRIPTION_REP":"Réel","DESCRIPTION_RTP":"3- Fût","X":294424.094,"Y":5049782,"ID_ARRONDISSEMENT":"16","TRC_ID":1610389}}
,{"type":"Feature","geometry":{"type":"Point","coordinates":[294314.75,5049829.5]},"properties":{"POTEAU_ID_POT":220647,"DATE_CONCEPTION_POT":20120527000000,"DESCRIPTION_REP":"Réel","DESCRIPTION_RTP":"10- Fût et feux","X":294314.75,"Y":5049829.5,"ID_ARRONDISSEMENT":"16","TRC_ID":1610387}}
,{"type":"Feature","geometry":{"type":"Point","coordinates":[294267.031,5049970]},"properties":{"POTEAU_ID_POT":220649,"DATE_CONCEPTION_POT":20120527000000,"DESCRIPTION_REP":"Réel","DESCRIPTION_RTP":"4- Poteau en bois","X":294267.031,"Y":5049970,"ID_ARRONDISSEMENT":"16","TRC_ID":1610333}}
,{"type":"Feature","geometry":{"type":"Point","coordinates":[294213.415,5049971.749]},"properties":{"POTEAU_ID_POT":220651,"DATE_CONCEPTION_POT":20120527000000,"DESCRIPTION_REP":"Réel","DESCRIPTION_RTP":"2- Tige et manchon","X":294213.415,"Y":5049971.749,"ID_ARRONDISSEMENT":"16","TRC_ID":1610335}}
,{"type":"Feature","geometry":{"type":"Point","coordinates":[294224.375,5050015]},"properties":{"POTEAU_ID_POT":220652,"DATE_CONCEPTION_POT":20120527000000,"DESCRIPTION_REP":"Réel","DESCRIPTION_RTP":"4- Poteau en bois","X":294224.375,"Y":5050015,"ID_ARRONDISSEMENT":"16","TRC_ID":1610378}}
,{"type":"Feature","geometry":{"type":"Point","coordinates":[294088.923,5050148.286]},"properties":{"POTEAU_ID_POT":220654,"DATE_CONCEPTION_POT":20120527000000,"DESCRIPTION_REP":"Réel","DESCRIPTION_RTP":"4- Poteau en bois","X":294088.923,"Y":5050148.286,"ID_ARRONDISSEMENT":"16","TRC_ID":1610362}}
,{"type":"Feature","geometry":{"type":"Point","coordinates":[294097.844,5050153.5]},"properties":{"POTEAU_ID_POT":220655,"DATE_CONCEPTION_POT":20120527000000,"DESCRIPTION_REP":"Réel","DESCRIPTION_RTP":"4- Poteau en bois","X":294097.844,"Y":5050153.5,"ID_ARRONDISSEMENT":"16","TRC_ID":1610362}}
,{"type":"Feature","geometry":{"type":"Point","coordinates":[294069.406,5050163]},"properties":{"POTEAU_ID_POT":220657,"DATE_CONCEPTION_POT":20120527000000,"DESCRIPTION_REP":"Réel","DESCRIPTION_RTP":"2- Tige et manchon","X":294069.406,"Y":5050163,"ID_ARRONDISSEMENT":"16","TRC_ID":1610359}}
,{"type":"Feature","geometry":{"type":"Point","coordinates":[294004.313,5050253.5]},"properties":{"POTEAU_ID_POT":220658,"DATE_CONCEPTION_POT":20120527000000,"DESCRIPTION_REP":"Réel","DESCRIPTION_RTP":"2- Tige et manchon","X":294004.313,"Y":5050253.5,"ID_ARRONDISSEMENT":"16","TRC_ID":1610359}}
,{"type":"Feature","geometry":{"type":"Point","coordinates":[293925,5050360.5]},"properties":{"POTEAU_ID_POT":220661,"DATE_CONCEPTION_POT":20120527000000,"DESCRIPTION_REP":"Réel","DESCRIPTION_RTP":"2- Tige et manchon","X":293925,"Y":5050360.5,"ID_ARRONDISSEMENT":"16","TRC_ID":1610499}}
,{"type":"Feature","geometry":{"type":"Point","coordinates":[293877.563,5050424.5]},"properties":{"POTEAU_ID_POT":220662,"DATE_CONCEPTION_POT":20120527000000,"DESCRIPTION_REP":"Réel","DESCRIPTION_RTP":"2- Tige et manchon","X":293877.563,"Y":5050424.5,"ID_ARRONDISSEMENT":"16","TRC_ID":1610499}}
,{"type":"Feature","geometry":{"type":"Point","coordinates":[293781.021,5048704.582]},"properties":{"POTEAU_ID_POT":79247,"DATE_CONCEPTION_POT":null,"DESCRIPTION_REP":"Réel","DESCRIPTION_RTP":"3- Fût","X":293781.021,"Y":5048704.582,"ID_ARRONDISSEMENT":"16","TRC_ID":4009220}}
,{"type":"Feature","geometry":{"type":"Point","coordinates":[293842.339,5048649.407]},"properties":{"POTEAU_ID_POT":79257,"DATE_CONCEPTION_POT":19990912000000,"DESCRIPTION_REP":"Réel","DESCRIPTION_RTP":"10- Fût et feux","X":293842.339,"Y":5048649.407,"ID_ARRONDISSEMENT":"16","TRC_ID":1624704}}
,{"type":"Feature","geometry":{"type":"Point","coordinates":[293895.038,5048611.653]},"properties":{"POTEAU_ID_POT":79259,"DATE_CONCEPTION_POT":null,"DESCRIPTION_REP":"Réel","DESCRIPTION_RTP":"3- Fût","X":293895.038,"Y":5048611.653,"ID_ARRONDISSEMENT":"16","TRC_ID":1624704}}
,{"type":"Feature","geometry":{"type":"Point","coordinates":[293939.859,5048584.8]},"properties":{"POTEAU_ID_POT":79262,"DATE_CONCEPTION_POT":19990912000000,"DESCRIPTION_REP":"Réel","DESCRIPTION_RTP":"3- Fût","X":293939.859,"Y":5048584.8,"ID_ARRONDISSEMENT":"16","TRC_ID":1624704}}
,{"type":"Feature","geometry":{"type":"Point","coordinates":[295393.344,5051911]},"properties":{"POTEAU_ID_POT":220744,"DATE_CONCEPTION_POT":20120531000000,"DESCRIPTION_REP":"Réel","DESCRIPTION_RTP":"10- Fût et feux","X":295393.344,"Y":5051911,"ID_ARRONDISSEMENT":"16","TRC_ID":1611044}}
,{"type":"Feature","geometry":{"type":"Point","coordinates":[294406.701,5049565.796]},"properties":{"POTEAU_ID_POT":225303,"DATE_CONCEPTION_POT":20130525000000,"DESCRIPTION_REP":"Réel","DESCRIPTION_RTP":"3- Fût","X":294406.701,"Y":5049565.796,"ID_ARRONDISSEMENT":"16","TRC_ID":1610023}}
,{"type":"Feature","geometry":{"type":"Point","coordinates":[294277.667,5049799.391]},"properties":{"POTEAU_ID_POT":225299,"DATE_CONCEPTION_POT":20130525000000,"DESCRIPTION_REP":"Réel","DESCRIPTION_RTP":"2- Tige et manchon","X":294277.667,"Y":5049799.391,"ID_ARRONDISSEMENT":"16","TRC_ID":1610019}}
,{"type":"Feature","geometry":{"type":"Point","coordinates":[294266.932,5049791.404]},"properties":{"POTEAU_ID_POT":225298,"DATE_CONCEPTION_POT":20130525000000,"DESCRIPTION_REP":"Réel","DESCRIPTION_RTP":"2- Tige et manchon","X":294266.932,"Y":5049791.404,"ID_ARRONDISSEMENT":"16","TRC_ID":1610019}}
,{"type":"Feature","geometry":{"type":"Point","coordinates":[293103.719,5049387.5]},"properties":{"POTEAU_ID_POT":220614,"DATE_CONCEPTION_POT":20120623000000,"DESCRIPTION_REP":"Réel","DESCRIPTION_RTP":"3- Fût","X":293103.719,"Y":5049387.5,"ID_ARRONDISSEMENT":"16","TRC_ID":1609963}}
,{"type":"Feature","geometry":{"type":"Point","coordinates":[293127.781,5049465.5]},"properties":{"POTEAU_ID_POT":220616,"DATE_CONCEPTION_POT":20120623000000,"DESCRIPTION_REP":"Réel","DESCRIPTION_RTP":"3- Fût","X":293127.781,"Y":5049465.5,"ID_ARRONDISSEMENT":"16","TRC_ID":1609963}}
,{"type":"Feature","geometry":{"type":"Point","coordinates":[293149.188,5049540.5]},"properties":{"POTEAU_ID_POT":220617,"DATE_CONCEPTION_POT":20120623000000,"DESCRIPTION_REP":"Réel","DESCRIPTION_RTP":"3- Fût","X":293149.188,"Y":5049540.5,"ID_ARRONDISSEMENT":"16","TRC_ID":1609957}}
,{"type":"Feature","geometry":{"type":"Point","coordinates":[293180.5,5049644]},"properties":{"POTEAU_ID_POT":220618,"DATE_CONCEPTION_POT":20120623000000,"DESCRIPTION_REP":"Réel","DESCRIPTION_RTP":"3- Fût","X":293180.5,"Y":5049644,"ID_ARRONDISSEMENT":"16","TRC_ID":1609952}}
,{"type":"Feature","geometry":{"type":"Point","coordinates":[293210.844,5049749]},"properties":{"POTEAU_ID_POT":220619,"DATE_CONCEPTION_POT":20120623000000,"DESCRIPTION_REP":"Réel","DESCRIPTION_RTP":"3- Fût","X":293210.844,"Y":5049749,"ID_ARRONDISSEMENT":"16","TRC_ID":1609949}}
,{"type":"Feature","geometry":{"type":"Point","coordinates":[293240.656,5049824.5]},"properties":{"POTEAU_ID_POT":220620,"DATE_CONCEPTION_POT":20120623000000,"DESCRIPTION_REP":"Réel","DESCRIPTION_RTP":"3- Fût","X":293240.656,"Y":5049824.5,"ID_ARRONDISSEMENT":"16","TRC_ID":1609945}}
,{"type":"Feature","geometry":{"type":"Point","coordinates":[293299.344,5049970.5]},"properties":{"POTEAU_ID_POT":220622,"DATE_CONCEPTION_POT":20120623000000,"DESCRIPTION_REP":"Réel","DESCRIPTION_RTP":"3- Fût","X":293299.344,"Y":5049970.5,"ID_ARRONDISSEMENT":"16","TRC_ID":1609939}}
,{"type":"Feature","geometry":{"type":"Point","coordinates":[293266.813,5049901]},"properties":{"POTEAU_ID_POT":220621,"DATE_CONCEPTION_POT":20120623000000,"DESCRIPTION_REP":"Réel","DESCRIPTION_RTP":"3- Fût","X":293266.813,"Y":5049901,"ID_ARRONDISSEMENT":"16","TRC_ID":1609941}}
,{"type":"Feature","geometry":{"type":"Point","coordinates":[293332.063,5050030.5]},"properties":{"POTEAU_ID_POT":220623,"DATE_CONCEPTION_POT":20120623000000,"DESCRIPTION_REP":"Réel","DESCRIPTION_RTP":"3- Fût","X":293332.063,"Y":5050030.5,"ID_ARRONDISSEMENT":"16","TRC_ID":1609936}}
,{"type":"Feature","geometry":{"type":"Point","coordinates":[293368.656,5050094.5]},"properties":{"POTEAU_ID_POT":220624,"DATE_CONCEPTION_POT":20120623000000,"DESCRIPTION_REP":"Réel","DESCRIPTION_RTP":"3- Fût","X":293368.656,"Y":5050094.5,"ID_ARRONDISSEMENT":"16","TRC_ID":1609933}}
,{"type":"Feature","geometry":{"type":"Point","coordinates":[293413.188,5050171]},"properties":{"POTEAU_ID_POT":220625,"DATE_CONCEPTION_POT":20120623000000,"DESCRIPTION_REP":"Réel","DESCRIPTION_RTP":"3- Fût","X":293413.188,"Y":5050171,"ID_ARRONDISSEMENT":"16","TRC_ID":1609930}}
,{"type":"Feature","geometry":{"type":"Point","coordinates":[293441.563,5050221]},"properties":{"POTEAU_ID_POT":220626,"DATE_CONCEPTION_POT":20120623000000,"DESCRIPTION_REP":"Réel","DESCRIPTION_RTP":"3- Fût","X":293441.563,"Y":5050221,"ID_ARRONDISSEMENT":"16","TRC_ID":1609927}}
,{"type":"Feature","geometry":{"type":"Point","coordinates":[293479.688,5050284.5]},"properties":{"POTEAU_ID_POT":220627,"DATE_CONCEPTION_POT":20120623000000,"DESCRIPTION_REP":"Réel","DESCRIPTION_RTP":"3- Fût","X":293479.688,"Y":5050284.5,"ID_ARRONDISSEMENT":"16","TRC_ID":1609924}}
,{"type":"Feature","geometry":{"type":"Point","coordinates":[293513.625,5050342]},"properties":{"POTEAU_ID_POT":220628,"DATE_CONCEPTION_POT":20120623000000,"DESCRIPTION_REP":"Réel","DESCRIPTION_RTP":"3- Fût","X":293513.625,"Y":5050342,"ID_ARRONDISSEMENT":"16","TRC_ID":1609921}}
,{"type":"Feature","geometry":{"type":"Point","coordinates":[293555.781,5050418.5]},"properties":{"POTEAU_ID_POT":220629,"DATE_CONCEPTION_POT":20120623000000,"DESCRIPTION_REP":"Réel","DESCRIPTION_RTP":"3- Fût","X":293555.781,"Y":5050418.5,"ID_ARRONDISSEMENT":"16","TRC_ID":1609919}}
,{"type":"Feature","geometry":{"type":"Point","coordinates":[295276.281,5051812]},"properties":{"POTEAU_ID_POT":220585,"DATE_CONCEPTION_POT":20120623000000,"DESCRIPTION_REP":"Réel","DESCRIPTION_RTP":"3- Fût","X":295276.281,"Y":5051812,"ID_ARRONDISSEMENT":"16","TRC_ID":1611053}}
,{"type":"Feature","geometry":{"type":"Point","coordinates":[295192.594,5051772]},"properties":{"POTEAU_ID_POT":220586,"DATE_CONCEPTION_POT":20120623000000,"DESCRIPTION_REP":"Réel","DESCRIPTION_RTP":"2- Tige et manchon","X":295192.594,"Y":5051772,"ID_ARRONDISSEMENT":"16","TRC_ID":1611053}}
,{"type":"Feature","geometry":{"type":"Point","coordinates":[295175.031,5051764.5]},"properties":{"POTEAU_ID_POT":220587,"DATE_CONCEPTION_POT":20120623000000,"DESCRIPTION_REP":"Réel","DESCRIPTION_RTP":"3- Fût","X":295175.031,"Y":5051764.5,"ID_ARRONDISSEMENT":"16","TRC_ID":1611053}}
,{"type":"Feature","geometry":{"type":"Point","coordinates":[295062.063,5051707.5]},"properties":{"POTEAU_ID_POT":220588,"DATE_CONCEPTION_POT":20120623000000,"DESCRIPTION_REP":"Réel","DESCRIPTION_RTP":"3- Fût","X":295062.063,"Y":5051707.5,"ID_ARRONDISSEMENT":"16","TRC_ID":1610867}}
,{"type":"Feature","geometry":{"type":"Point","coordinates":[294980.375,5051668]},"properties":{"POTEAU_ID_POT":220589,"DATE_CONCEPTION_POT":20120623000000,"DESCRIPTION_REP":"Réel","DESCRIPTION_RTP":"3- Fût","X":294980.375,"Y":5051668,"ID_ARRONDISSEMENT":"16","TRC_ID":1610871}}
,{"type":"Feature","geometry":{"type":"Point","coordinates":[294876.844,5051618.5]},"properties":{"POTEAU_ID_POT":220591,"DATE_CONCEPTION_POT":20120623000000,"DESCRIPTION_REP":"Réel","DESCRIPTION_RTP":"3- Fût","X":294876.844,"Y":5051618.5,"ID_ARRONDISSEMENT":"16","TRC_ID":1610894}}
,{"type":"Feature","geometry":{"type":"Point","coordinates":[294748.875,5051558]},"properties":{"POTEAU_ID_POT":220592,"DATE_CONCEPTION_POT":20120623000000,"DESCRIPTION_REP":"Réel","DESCRIPTION_RTP":"3- Fût","X":294748.875,"Y":5051558,"ID_ARRONDISSEMENT":"16","TRC_ID":1610903}}
,{"type":"Feature","geometry":{"type":"Point","coordinates":[294687.875,5051528.5]},"properties":{"POTEAU_ID_POT":220594,"DATE_CONCEPTION_POT":20120623000000,"DESCRIPTION_REP":"Réel","DESCRIPTION_RTP":"3- Fût","X":294687.875,"Y":5051528.5,"ID_ARRONDISSEMENT":"16","TRC_ID":1610905}}
,{"type":"Feature","geometry":{"type":"Point","coordinates":[294621.531,5051497]},"properties":{"POTEAU_ID_POT":220595,"DATE_CONCEPTION_POT":20120623000000,"DESCRIPTION_REP":"Réel","DESCRIPTION_RTP":"3- Fût","X":294621.531,"Y":5051497,"ID_ARRONDISSEMENT":"16","TRC_ID":1610673}}
,{"type":"Feature","geometry":{"type":"Point","coordinates":[294568.938,5051469.5]},"properties":{"POTEAU_ID_POT":220597,"DATE_CONCEPTION_POT":20120623000000,"DESCRIPTION_REP":"Réel","DESCRIPTION_RTP":"2- Tige et manchon","X":294568.938,"Y":5051469.5,"ID_ARRONDISSEMENT":"16","TRC_ID":1610677}}
,{"type":"Feature","geometry":{"type":"Point","coordinates":[294440.063,5051408]},"properties":{"POTEAU_ID_POT":220599,"DATE_CONCEPTION_POT":20120623000000,"DESCRIPTION_REP":"Réel","DESCRIPTION_RTP":"3- Fût","X":294440.063,"Y":5051408,"ID_ARRONDISSEMENT":"16","TRC_ID":1610687}}
,{"type":"Feature","geometry":{"type":"Point","coordinates":[294108.301,5050001.663]},"properties":{"POTEAU_ID_POT":225293,"DATE_CONCEPTION_POT":20130525000000,"DESCRIPTION_REP":"Réel","DESCRIPTION_RTP":"2- Tige et manchon","X":294108.301,"Y":5050001.663,"ID_ARRONDISSEMENT":"16","TRC_ID":1610015}}
,{"type":"Feature","geometry":{"type":"Point","coordinates":[294502.875,5051439.5]},"properties":{"POTEAU_ID_POT":220598,"DATE_CONCEPTION_POT":20120623000000,"DESCRIPTION_REP":"Réel","DESCRIPTION_RTP":"4- Poteau en bois","X":294502.875,"Y":5051439.5,"ID_ARRONDISSEMENT":"16","TRC_ID":1610683}}
,{"type":"Feature","geometry":{"type":"Point","coordinates":[294376.594,5051377]},"properties":{"POTEAU_ID_POT":220600,"DATE_CONCEPTION_POT":20120623000000,"DESCRIPTION_REP":"Réel","DESCRIPTION_RTP":"3- Fût","X":294376.594,"Y":5051377,"ID_ARRONDISSEMENT":"16","TRC_ID":1610690}}
,{"type":"Feature","geometry":{"type":"Point","coordinates":[294300.906,5051341]},"properties":{"POTEAU_ID_POT":220602,"DATE_CONCEPTION_POT":20120623000000,"DESCRIPTION_REP":"Réel","DESCRIPTION_RTP":"3- Fût","X":294300.906,"Y":5051341,"ID_ARRONDISSEMENT":"16","TRC_ID":1610695}}
,{"type":"Feature","geometry":{"type":"Point","coordinates":[294232.813,5051309.5]},"properties":{"POTEAU_ID_POT":220603,"DATE_CONCEPTION_POT":20120623000000,"DESCRIPTION_REP":"Réel","DESCRIPTION_RTP":"3- Fût","X":294232.813,"Y":5051309.5,"ID_ARRONDISSEMENT":"16","TRC_ID":1610699}}
,{"type":"Feature","geometry":{"type":"Point","coordinates":[294168,5051277]},"properties":{"POTEAU_ID_POT":220604,"DATE_CONCEPTION_POT":20120623000000,"DESCRIPTION_REP":"Réel","DESCRIPTION_RTP":"3- Fût","X":294168,"Y":5051277,"ID_ARRONDISSEMENT":"16","TRC_ID":1610527}}
,{"type":"Feature","geometry":{"type":"Point","coordinates":[294103.75,5051249]},"properties":{"POTEAU_ID_POT":220605,"DATE_CONCEPTION_POT":20120623000000,"DESCRIPTION_REP":"Réel","DESCRIPTION_RTP":"3- Fût","X":294103.75,"Y":5051249,"ID_ARRONDISSEMENT":"16","TRC_ID":1610531}}
,{"type":"Feature","geometry":{"type":"Point","coordinates":[294024.156,5051200.5]},"properties":{"POTEAU_ID_POT":220607,"DATE_CONCEPTION_POT":20120623000000,"DESCRIPTION_REP":"Réel","DESCRIPTION_RTP":"3- Fût","X":294024.156,"Y":5051200.5,"ID_ARRONDISSEMENT":"16","TRC_ID":1610544}}
,{"type":"Feature","geometry":{"type":"Point","coordinates":[293943.969,5051139]},"properties":{"POTEAU_ID_POT":220608,"DATE_CONCEPTION_POT":20120623000000,"DESCRIPTION_REP":"Réel","DESCRIPTION_RTP":"3- Fût","X":293943.969,"Y":5051139,"ID_ARRONDISSEMENT":"16","TRC_ID":1610511}}
,{"type":"Feature","geometry":{"type":"Point","coordinates":[293953.284,5050217.682]},"properties":{"POTEAU_ID_POT":225290,"DATE_CONCEPTION_POT":20130525000000,"DESCRIPTION_REP":"Réel","DESCRIPTION_RTP":"2- Tige et manchon","X":293953.284,"Y":5050217.682,"ID_ARRONDISSEMENT":"16","TRC_ID":1609902}}
,{"type":"Feature","geometry":{"type":"Point","coordinates":[293930.264,5050201.432]},"properties":{"POTEAU_ID_POT":225289,"DATE_CONCEPTION_POT":20130525000000,"DESCRIPTION_REP":"Réel","DESCRIPTION_RTP":"2- Tige et manchon","X":293930.264,"Y":5050201.432,"ID_ARRONDISSEMENT":"16","TRC_ID":1609902}}
,{"type":"Feature","geometry":{"type":"Point","coordinates":[294029.675,5048531.425]},"properties":{"POTEAU_ID_POT":10093,"DATE_CONCEPTION_POT":null,"DESCRIPTION_REP":"Réel","DESCRIPTION_RTP":"3- Fût","X":294029.675,"Y":5048531.425,"ID_ARRONDISSEMENT":"16","TRC_ID":1624703}}
,{"type":"Feature","geometry":{"type":"Point","coordinates":[294662.75,5049311.5]},"properties":{"POTEAU_ID_POT":225287,"DATE_CONCEPTION_POT":20130525000000,"DESCRIPTION_REP":"En conception","DESCRIPTION_RTP":"10- Fût et feux","X":294662.75,"Y":5049311.5,"ID_ARRONDISSEMENT":"16","TRC_ID":1625061}}
,{"type":"Feature","geometry":{"type":"Point","coordinates":[294626.202,5049360.471]},"properties":{"POTEAU_ID_POT":225286,"DATE_CONCEPTION_POT":20130525000000,"DESCRIPTION_REP":"Réel","DESCRIPTION_RTP":"2- Tige et manchon","X":294626.202,"Y":5049360.471,"ID_ARRONDISSEMENT":"16","TRC_ID":1610413}}
,{"type":"Feature","geometry":{"type":"Point","coordinates":[294613.898,5049376.933]},"properties":{"POTEAU_ID_POT":225285,"DATE_CONCEPTION_POT":20130525000000,"DESCRIPTION_REP":"En conception","DESCRIPTION_RTP":"2- Tige et manchon","X":294613.898,"Y":5049376.933,"ID_ARRONDISSEMENT":"16","TRC_ID":1610413}}
,{"type":"Feature","geometry":{"type":"Point","coordinates":[294584.097,5049418.594]},"properties":{"POTEAU_ID_POT":225284,"DATE_CONCEPTION_POT":20130525000000,"DESCRIPTION_REP":"Enlevé","DESCRIPTION_RTP":"2- Tige et manchon","X":294584.097,"Y":5049418.594,"ID_ARRONDISSEMENT":"16","TRC_ID":1610414}}
,{"type":"Feature","geometry":{"type":"Point","coordinates":[294553.469,5049459]},"properties":{"POTEAU_ID_POT":225283,"DATE_CONCEPTION_POT":20130525000000,"DESCRIPTION_REP":"En conception","DESCRIPTION_RTP":"10- Fût et feux","X":294553.469,"Y":5049459,"ID_ARRONDISSEMENT":"16","TRC_ID":1610406}}
,{"type":"Feature","geometry":{"type":"Point","coordinates":[294540.706,5049476.923]},"properties":{"POTEAU_ID_POT":225282,"DATE_CONCEPTION_POT":20130525000000,"DESCRIPTION_REP":"Réel","DESCRIPTION_RTP":"10- Fût et feux","X":294540.706,"Y":5049476.923,"ID_ARRONDISSEMENT":"16","TRC_ID":1610402}}
,{"type":"Feature","geometry":{"type":"Point","coordinates":[294527.365,5049493.771]},"properties":{"POTEAU_ID_POT":225281,"DATE_CONCEPTION_POT":20130525000000,"DESCRIPTION_REP":"Réel","DESCRIPTION_RTP":"9- Autres","X":294527.365,"Y":5049493.771,"ID_ARRONDISSEMENT":"16","TRC_ID":1610402}}
,{"type":"Feature","geometry":{"type":"Point","coordinates":[294514,5049513]},"properties":{"POTEAU_ID_POT":225280,"DATE_CONCEPTION_POT":20130525000000,"DESCRIPTION_REP":"En conception","DESCRIPTION_RTP":"10- Fût et feux","X":294514,"Y":5049513,"ID_ARRONDISSEMENT":"16","TRC_ID":1610402}}
,{"type":"Feature","geometry":{"type":"Point","coordinates":[294500.418,5049529.925]},"properties":{"POTEAU_ID_POT":225279,"DATE_CONCEPTION_POT":20130525000000,"DESCRIPTION_REP":"Réel","DESCRIPTION_RTP":"10- Fût et feux","X":294500.418,"Y":5049529.925,"ID_ARRONDISSEMENT":"16","TRC_ID":1610398}}
,{"type":"Feature","geometry":{"type":"Point","coordinates":[294452.844,5049595]},"properties":{"POTEAU_ID_POT":225277,"DATE_CONCEPTION_POT":20130525000000,"DESCRIPTION_REP":"Réel","DESCRIPTION_RTP":"10- Fût et feux","X":294452.844,"Y":5049595,"ID_ARRONDISSEMENT":"16","TRC_ID":1610398}}
,{"type":"Feature","geometry":{"type":"Point","coordinates":[294410.175,5049652.407]},"properties":{"POTEAU_ID_POT":225276,"DATE_CONCEPTION_POT":20130525000000,"DESCRIPTION_REP":"Réel","DESCRIPTION_RTP":"2- Tige et manchon","X":294410.175,"Y":5049652.407,"ID_ARRONDISSEMENT":"16","TRC_ID":1610395}}
,{"type":"Feature","geometry":{"type":"Point","coordinates":[294436.763,5049616.75]},"properties":{"POTEAU_ID_POT":225275,"DATE_CONCEPTION_POT":20130525000000,"DESCRIPTION_REP":"Réel","DESCRIPTION_RTP":"2- Tige et manchon","X":294436.763,"Y":5049616.75,"ID_ARRONDISSEMENT":"16","TRC_ID":1610395}}
,{"type":"Feature","geometry":{"type":"Point","coordinates":[294421.406,5049637.5]},"properties":{"POTEAU_ID_POT":225274,"DATE_CONCEPTION_POT":20130525000000,"DESCRIPTION_REP":"Réel","DESCRIPTION_RTP":"2- Tige et manchon","X":294421.406,"Y":5049637.5,"ID_ARRONDISSEMENT":"16","TRC_ID":1610395}}
,{"type":"Feature","geometry":{"type":"Point","coordinates":[294381.677,5049691.225]},"properties":{"POTEAU_ID_POT":225273,"DATE_CONCEPTION_POT":20130525000000,"DESCRIPTION_REP":"Enlevé","DESCRIPTION_RTP":"2- Tige et manchon","X":294381.677,"Y":5049691.225,"ID_ARRONDISSEMENT":"16","TRC_ID":1610392}}
,{"type":"Feature","geometry":{"type":"Point","coordinates":[294368.719,5049709]},"properties":{"POTEAU_ID_POT":225272,"DATE_CONCEPTION_POT":20130525000000,"DESCRIPTION_REP":"Réel","DESCRIPTION_RTP":"10- Fût et feux","X":294368.719,"Y":5049709,"ID_ARRONDISSEMENT":"16","TRC_ID":1610392}}
,{"type":"Feature","geometry":{"type":"Point","coordinates":[294344.584,5049740.86]},"properties":{"POTEAU_ID_POT":225271,"DATE_CONCEPTION_POT":20130525000000,"DESCRIPTION_REP":"Réel","DESCRIPTION_RTP":"2- Tige et manchon","X":294344.584,"Y":5049740.86,"ID_ARRONDISSEMENT":"16","TRC_ID":1610388}}
,{"type":"Feature","geometry":{"type":"Point","coordinates":[294334.644,5049755.626]},"properties":{"POTEAU_ID_POT":225270,"DATE_CONCEPTION_POT":20130525000000,"DESCRIPTION_REP":"Réel","DESCRIPTION_RTP":"2- Tige et manchon","X":294334.644,"Y":5049755.626,"ID_ARRONDISSEMENT":"16","TRC_ID":1610388}}
,{"type":"Feature","geometry":{"type":"Point","coordinates":[294293.719,5049810]},"properties":{"POTEAU_ID_POT":225268,"DATE_CONCEPTION_POT":20130525000000,"DESCRIPTION_REP":"Réel","DESCRIPTION_RTP":"10- Fût et feux","X":294293.719,"Y":5049810,"ID_ARRONDISSEMENT":"16","TRC_ID":1610385}}
,{"type":"Feature","geometry":{"type":"Point","coordinates":[294271.324,5049840.422]},"properties":{"POTEAU_ID_POT":225267,"DATE_CONCEPTION_POT":20130525000000,"DESCRIPTION_REP":"Réel","DESCRIPTION_RTP":"2- Tige et manchon","X":294271.324,"Y":5049840.422,"ID_ARRONDISSEMENT":"16","TRC_ID":1610382}}
,{"type":"Feature","geometry":{"type":"Point","coordinates":[294257.692,5049858.194]},"properties":{"POTEAU_ID_POT":225266,"DATE_CONCEPTION_POT":20130525000000,"DESCRIPTION_REP":"Réel","DESCRIPTION_RTP":"2- Tige et manchon","X":294257.692,"Y":5049858.194,"ID_ARRONDISSEMENT":"16","TRC_ID":1610382}}
,{"type":"Feature","geometry":{"type":"Point","coordinates":[294220.688,5049909.5]},"properties":{"POTEAU_ID_POT":225264,"DATE_CONCEPTION_POT":20130525000000,"DESCRIPTION_REP":"Réel","DESCRIPTION_RTP":"10- Fût et feux","X":294220.688,"Y":5049909.5,"ID_ARRONDISSEMENT":"16","TRC_ID":1610338}}
,{"type":"Feature","geometry":{"type":"Point","coordinates":[294199.075,5049938.065]},"properties":{"POTEAU_ID_POT":225263,"DATE_CONCEPTION_POT":20130525000000,"DESCRIPTION_REP":"Réel","DESCRIPTION_RTP":"2- Tige et manchon","X":294199.075,"Y":5049938.065,"ID_ARRONDISSEMENT":"16","TRC_ID":1610336}}
,{"type":"Feature","geometry":{"type":"Point","coordinates":[294154.134,5049999.058]},"properties":{"POTEAU_ID_POT":225262,"DATE_CONCEPTION_POT":20130525000000,"DESCRIPTION_REP":"Enlevé","DESCRIPTION_RTP":"2- Tige et manchon","X":294154.134,"Y":5049999.058,"ID_ARRONDISSEMENT":"16","TRC_ID":1610375}}
,{"type":"Feature","geometry":{"type":"Point","coordinates":[294137.156,5050022]},"properties":{"POTEAU_ID_POT":225261,"DATE_CONCEPTION_POT":20130525000000,"DESCRIPTION_REP":"Réel","DESCRIPTION_RTP":"10- Fût et feux","X":294137.156,"Y":5050022,"ID_ARRONDISSEMENT":"16","TRC_ID":1610375}}
,{"type":"Feature","geometry":{"type":"Point","coordinates":[294113.691,5050053.841]},"properties":{"POTEAU_ID_POT":225260,"DATE_CONCEPTION_POT":20130525000000,"DESCRIPTION_REP":"Réel","DESCRIPTION_RTP":"2- Tige et manchon","X":294113.691,"Y":5050053.841,"ID_ARRONDISSEMENT":"16","TRC_ID":1610364}}
,{"type":"Feature","geometry":{"type":"Point","coordinates":[294108.044,5050061.113]},"properties":{"POTEAU_ID_POT":225259,"DATE_CONCEPTION_POT":20130525000000,"DESCRIPTION_REP":"Réel","DESCRIPTION_RTP":"2- Tige et manchon","X":294108.044,"Y":5050061.113,"ID_ARRONDISSEMENT":"16","TRC_ID":1610364}}
,{"type":"Feature","geometry":{"type":"Point","coordinates":[294735.899,5049256.055]},"properties":{"POTEAU_ID_POT":223841,"DATE_CONCEPTION_POT":20121205000000,"DESCRIPTION_REP":"Réel","DESCRIPTION_RTP":"2- Tige et manchon","X":294735.899,"Y":5049256.055,"ID_ARRONDISSEMENT":"16","TRC_ID":1625061}}
,{"type":"Feature","geometry":{"type":"Point","coordinates":[294728.182,5049243.716]},"properties":{"POTEAU_ID_POT":223840,"DATE_CONCEPTION_POT":20121205000000,"DESCRIPTION_REP":"Réel","DESCRIPTION_RTP":"12- Balise","X":294728.182,"Y":5049243.716,"ID_ARRONDISSEMENT":"16","TRC_ID":1625061}}
,{"type":"Feature","geometry":{"type":"Point","coordinates":[294732.159,5049241.096]},"properties":{"POTEAU_ID_POT":223839,"DATE_CONCEPTION_POT":20121205000000,"DESCRIPTION_REP":"Réel","DESCRIPTION_RTP":"12- Balise","X":294732.159,"Y":5049241.096,"ID_ARRONDISSEMENT":"16","TRC_ID":1625061}}
,{"type":"Feature","geometry":{"type":"Point","coordinates":[294737.344,5049255.5]},"properties":{"POTEAU_ID_POT":143376,"DATE_CONCEPTION_POT":20121205000000,"DESCRIPTION_REP":"Enlevé","DESCRIPTION_RTP":"2- Tige et manchon","X":294737.344,"Y":5049255.5,"ID_ARRONDISSEMENT":"16","TRC_ID":1625061}}
,{"type":"Feature","geometry":{"type":"Point","coordinates":[294091.85,5050083.468]},"properties":{"POTEAU_ID_POT":225258,"DATE_CONCEPTION_POT":20130525000000,"DESCRIPTION_REP":"Réel","DESCRIPTION_RTP":"2- Tige et manchon","X":294091.85,"Y":5050083.468,"ID_ARRONDISSEMENT":"16","TRC_ID":1610364}}
,{"type":"Feature","geometry":{"type":"Point","coordinates":[294076.058,5050104.221]},"properties":{"POTEAU_ID_POT":225257,"DATE_CONCEPTION_POT":20130525000000,"DESCRIPTION_REP":"Réel","DESCRIPTION_RTP":"2- Tige et manchon","X":294076.058,"Y":5050104.221,"ID_ARRONDISSEMENT":"16","TRC_ID":1610364}}
,{"type":"Feature","geometry":{"type":"Point","coordinates":[294085.081,5050093.335]},"properties":{"POTEAU_ID_POT":225256,"DATE_CONCEPTION_POT":20130525000000,"DESCRIPTION_REP":"Réel","DESCRIPTION_RTP":"2- Tige et manchon","X":294085.081,"Y":5050093.335,"ID_ARRONDISSEMENT":"16","TRC_ID":1610364}}
,{"type":"Feature","geometry":{"type":"Point","coordinates":[294070,5050113]},"properties":{"POTEAU_ID_POT":225255,"DATE_CONCEPTION_POT":20130525000000,"DESCRIPTION_REP":"Réel","DESCRIPTION_RTP":"10- Fût et feux","X":294070,"Y":5050113,"ID_ARRONDISSEMENT":"16","TRC_ID":1610364}}
,{"type":"Feature","geometry":{"type":"Point","coordinates":[294062.135,5050122.919]},"properties":{"POTEAU_ID_POT":225254,"DATE_CONCEPTION_POT":20130525000000,"DESCRIPTION_REP":"Réel","DESCRIPTION_RTP":"10- Fût et feux","X":294062.135,"Y":5050122.919,"ID_ARRONDISSEMENT":"16","TRC_ID":1610360}}
,{"type":"Feature","geometry":{"type":"Point","coordinates":[294033.816,5050161.488]},"properties":{"POTEAU_ID_POT":225253,"DATE_CONCEPTION_POT":20130525000000,"DESCRIPTION_REP":"Réel","DESCRIPTION_RTP":"2- Tige et manchon","X":294033.816,"Y":5050161.488,"ID_ARRONDISSEMENT":"16","TRC_ID":1610360}}
,{"type":"Feature","geometry":{"type":"Point","coordinates":[294018.521,5050182.602]},"properties":{"POTEAU_ID_POT":225251,"DATE_CONCEPTION_POT":20130525000000,"DESCRIPTION_REP":"Réel","DESCRIPTION_RTP":"2- Tige et manchon","X":294018.521,"Y":5050182.602,"ID_ARRONDISSEMENT":"16","TRC_ID":1610360}}
,{"type":"Feature","geometry":{"type":"Point","coordinates":[293987.975,5050223.723]},"properties":{"POTEAU_ID_POT":225250,"DATE_CONCEPTION_POT":20130525000000,"DESCRIPTION_REP":"Réel","DESCRIPTION_RTP":"2- Tige et manchon","X":293987.975,"Y":5050223.723,"ID_ARRONDISSEMENT":"16","TRC_ID":1610360}}
,{"type":"Feature","geometry":{"type":"Point","coordinates":[293978.301,5050236.031]},"properties":{"POTEAU_ID_POT":225249,"DATE_CONCEPTION_POT":20130525000000,"DESCRIPTION_REP":"Réel","DESCRIPTION_RTP":"10- Fût et feux","X":293978.301,"Y":5050236.031,"ID_ARRONDISSEMENT":"16","TRC_ID":1610360}}
,{"type":"Feature","geometry":{"type":"Point","coordinates":[293942.468,5050283.928]},"properties":{"POTEAU_ID_POT":225247,"DATE_CONCEPTION_POT":20130525000000,"DESCRIPTION_REP":"Réel","DESCRIPTION_RTP":"2- Tige et manchon","X":293942.468,"Y":5050283.928,"ID_ARRONDISSEMENT":"16","TRC_ID":1610357}}
,{"type":"Feature","geometry":{"type":"Point","coordinates":[293924.295,5050309.015]},"properties":{"POTEAU_ID_POT":225246,"DATE_CONCEPTION_POT":20130525000000,"DESCRIPTION_REP":"Réel","DESCRIPTION_RTP":"10- Fût et feux","X":293924.295,"Y":5050309.015,"ID_ARRONDISSEMENT":"16","TRC_ID":1610357}}
,{"type":"Feature","geometry":{"type":"Point","coordinates":[293911.922,5050325.049]},"properties":{"POTEAU_ID_POT":225245,"DATE_CONCEPTION_POT":20130525000000,"DESCRIPTION_REP":"Réel","DESCRIPTION_RTP":"4- Poteau en bois","X":293911.922,"Y":5050325.049,"ID_ARRONDISSEMENT":"16","TRC_ID":1610500}}
,{"type":"Feature","geometry":{"type":"Point","coordinates":[293893.097,5050351.559]},"properties":{"POTEAU_ID_POT":225244,"DATE_CONCEPTION_POT":20130525000000,"DESCRIPTION_REP":"Réel","DESCRIPTION_RTP":"3- Fût","X":293893.097,"Y":5050351.559,"ID_ARRONDISSEMENT":"16","TRC_ID":1610500}}
,{"type":"Feature","geometry":{"type":"Point","coordinates":[293874.855,5050376.218]},"properties":{"POTEAU_ID_POT":225243,"DATE_CONCEPTION_POT":20130525000000,"DESCRIPTION_REP":"Réel","DESCRIPTION_RTP":"3- Fût","X":293874.855,"Y":5050376.218,"ID_ARRONDISSEMENT":"16","TRC_ID":1610500}}
,{"type":"Feature","geometry":{"type":"Point","coordinates":[293859.92,5050396.834]},"properties":{"POTEAU_ID_POT":225242,"DATE_CONCEPTION_POT":20130525000000,"DESCRIPTION_REP":"Réel","DESCRIPTION_RTP":"2- Tige et manchon","X":293859.92,"Y":5050396.834,"ID_ARRONDISSEMENT":"16","TRC_ID":1610500}}
,{"type":"Feature","geometry":{"type":"Point","coordinates":[293850.495,5050409.322]},"properties":{"POTEAU_ID_POT":225241,"DATE_CONCEPTION_POT":20130525000000,"DESCRIPTION_REP":"Réel","DESCRIPTION_RTP":"3- Fût","X":293850.495,"Y":5050409.322,"ID_ARRONDISSEMENT":"16","TRC_ID":1610500}}
,{"type":"Feature","geometry":{"type":"Point","coordinates":[294015.844,5052094.5]},"properties":{"POTEAU_ID_POT":226230,"DATE_CONCEPTION_POT":20130719000000,"DESCRIPTION_REP":"Réel","DESCRIPTION_RTP":"1- Tige et base","X":294015.844,"Y":5052094.5,"ID_ARRONDISSEMENT":"16","TRC_ID":1610911}}
,{"type":"Feature","geometry":{"type":"Point","coordinates":[294005.766,5052114.159]},"properties":{"POTEAU_ID_POT":226238,"DATE_CONCEPTION_POT":20130719000000,"DESCRIPTION_REP":"Réel","DESCRIPTION_RTP":"4- Poteau en bois","X":294005.766,"Y":5052114.159,"ID_ARRONDISSEMENT":"16","TRC_ID":1610911}}
,{"type":"Feature","geometry":{"type":"Point","coordinates":[294013.268,5052036.957]},"properties":{"POTEAU_ID_POT":226239,"DATE_CONCEPTION_POT":20130719000000,"DESCRIPTION_REP":"Réel","DESCRIPTION_RTP":"3- Fût","X":294013.268,"Y":5052036.957,"ID_ARRONDISSEMENT":"16","TRC_ID":1610579}}
,{"type":"Feature","geometry":{"type":"Point","coordinates":[295474.7,5050848.126]},"properties":{"POTEAU_ID_POT":226956,"DATE_CONCEPTION_POT":20130918000000,"DESCRIPTION_REP":"Réel","DESCRIPTION_RTP":"1- Tige et base","X":295474.7,"Y":5050848.126,"ID_ARRONDISSEMENT":"16","TRC_ID":1611465}}
,{"type":"Feature","geometry":{"type":"Point","coordinates":[295343.313,5051048.5]},"properties":{"POTEAU_ID_POT":226955,"DATE_CONCEPTION_POT":20130918000000,"DESCRIPTION_REP":"Réel","DESCRIPTION_RTP":"1- Tige et base","X":295343.313,"Y":5051048.5,"ID_ARRONDISSEMENT":"16","TRC_ID":1611450}}
,{"type":"Feature","geometry":{"type":"Point","coordinates":[295333.906,5051039]},"properties":{"POTEAU_ID_POT":226957,"DATE_CONCEPTION_POT":20130918000000,"DESCRIPTION_REP":"Réel","DESCRIPTION_RTP":"1- Tige et base","X":295333.906,"Y":5051039,"ID_ARRONDISSEMENT":"16","TRC_ID":1611450}}
,{"type":"Feature","geometry":{"type":"Point","coordinates":[295350.763,5051017.506]},"properties":{"POTEAU_ID_POT":226964,"DATE_CONCEPTION_POT":20130918000000,"DESCRIPTION_REP":"Réel","DESCRIPTION_RTP":"4- Poteau en bois","X":295350.763,"Y":5051017.506,"ID_ARRONDISSEMENT":"16","TRC_ID":1611450}}
,{"type":"Feature","geometry":{"type":"Point","coordinates":[295364.94,5050999.256]},"properties":{"POTEAU_ID_POT":226965,"DATE_CONCEPTION_POT":20130918000000,"DESCRIPTION_REP":"Réel","DESCRIPTION_RTP":"4- Poteau en bois","X":295364.94,"Y":5050999.256,"ID_ARRONDISSEMENT":"16","TRC_ID":1611450}}
,{"type":"Feature","geometry":{"type":"Point","coordinates":[295381.961,5050975.526]},"properties":{"POTEAU_ID_POT":226966,"DATE_CONCEPTION_POT":20130918000000,"DESCRIPTION_REP":"Réel","DESCRIPTION_RTP":"4- Poteau en bois","X":295381.961,"Y":5050975.526,"ID_ARRONDISSEMENT":"16","TRC_ID":1611450}}
,{"type":"Feature","geometry":{"type":"Point","coordinates":[295386.066,5050969.491]},"properties":{"POTEAU_ID_POT":226967,"DATE_CONCEPTION_POT":20130918000000,"DESCRIPTION_REP":"Réel","DESCRIPTION_RTP":"1- Tige et base","X":295386.066,"Y":5050969.491,"ID_ARRONDISSEMENT":"16","TRC_ID":1611450}}
,{"type":"Feature","geometry":{"type":"Point","coordinates":[295399.514,5050951.275]},"properties":{"POTEAU_ID_POT":226968,"DATE_CONCEPTION_POT":20130918000000,"DESCRIPTION_REP":"Réel","DESCRIPTION_RTP":"4- Poteau en bois","X":295399.514,"Y":5050951.275,"ID_ARRONDISSEMENT":"16","TRC_ID":1611450}}
,{"type":"Feature","geometry":{"type":"Point","coordinates":[295427.511,5050914.003]},"properties":{"POTEAU_ID_POT":226969,"DATE_CONCEPTION_POT":20130918000000,"DESCRIPTION_REP":"Réel","DESCRIPTION_RTP":"4- Poteau en bois","X":295427.511,"Y":5050914.003,"ID_ARRONDISSEMENT":"16","TRC_ID":1611450}}
,{"type":"Feature","geometry":{"type":"Point","coordinates":[295461.596,5050888.285]},"properties":{"POTEAU_ID_POT":226971,"DATE_CONCEPTION_POT":20130918000000,"DESCRIPTION_REP":"Réel","DESCRIPTION_RTP":"1- Tige et base","X":295461.596,"Y":5050888.285,"ID_ARRONDISSEMENT":"16","TRC_ID":1611450}}
,{"type":"Feature","geometry":{"type":"Point","coordinates":[295445.313,5050890]},"properties":{"POTEAU_ID_POT":226970,"DATE_CONCEPTION_POT":20130918000000,"DESCRIPTION_REP":"Réel","DESCRIPTION_RTP":"4- Poteau en bois","X":295445.313,"Y":5050890,"ID_ARRONDISSEMENT":"16","TRC_ID":1611450}}
,{"type":"Feature","geometry":{"type":"Point","coordinates":[293433,5049366.556]},"properties":{"POTEAU_ID_POT":32702,"DATE_CONCEPTION_POT":20010110000000,"DESCRIPTION_REP":"Réel","DESCRIPTION_RTP":"4- Poteau en bois","X":293433,"Y":5049366.556,"ID_ARRONDISSEMENT":"16","TRC_ID":1610059}}
,{"type":"Feature","geometry":{"type":"Point","coordinates":[295482.322,5050849.245]},"properties":{"POTEAU_ID_POT":226972,"DATE_CONCEPTION_POT":20130918000000,"DESCRIPTION_REP":"Réel","DESCRIPTION_RTP":"1- Tige et base","X":295482.322,"Y":5050849.245,"ID_ARRONDISSEMENT":"16","TRC_ID":1611464}}
,{"type":"Feature","geometry":{"type":"Point","coordinates":[294732.91,5049242.584]},"properties":{"POTEAU_ID_POT":148539,"DATE_CONCEPTION_POT":null,"DESCRIPTION_REP":"Enlevé","DESCRIPTION_RTP":"1- Tige et base","X":294732.91,"Y":5049242.584,"ID_ARRONDISSEMENT":"16","TRC_ID":1625061}}
,{"type":"Feature","geometry":{"type":"Point","coordinates":[295502.213,5050861.008]},"properties":{"POTEAU_ID_POT":226974,"DATE_CONCEPTION_POT":20130918000000,"DESCRIPTION_REP":"Enlevé","DESCRIPTION_RTP":"4- Poteau en bois","X":295502.213,"Y":5050861.008,"ID_ARRONDISSEMENT":"16","TRC_ID":1611464}}
,{"type":"Feature","geometry":{"type":"Point","coordinates":[295323.142,5051053.445]},"properties":{"POTEAU_ID_POT":226977,"DATE_CONCEPTION_POT":20130918000000,"DESCRIPTION_REP":"Réel","DESCRIPTION_RTP":"4- Poteau en bois","X":295323.142,"Y":5051053.445,"ID_ARRONDISSEMENT":"16","TRC_ID":1611451}}
,{"type":"Feature","geometry":{"type":"Point","coordinates":[295341.224,5051074.878]},"properties":{"POTEAU_ID_POT":226978,"DATE_CONCEPTION_POT":20130918000000,"DESCRIPTION_REP":"Réel","DESCRIPTION_RTP":"4- Poteau en bois","X":295341.224,"Y":5051074.878,"ID_ARRONDISSEMENT":"16","TRC_ID":1611449}}
,{"type":"Feature","geometry":{"type":"Point","coordinates":[295329.75,5051038.5]},"properties":{"POTEAU_ID_POT":226976,"DATE_CONCEPTION_POT":20130918000000,"DESCRIPTION_REP":"Réel","DESCRIPTION_RTP":"3- Fût","X":295329.75,"Y":5051038.5,"ID_ARRONDISSEMENT":"16","TRC_ID":1611451}}
,{"type":"Feature","geometry":{"type":"Point","coordinates":[295351.938,5051062]},"properties":{"POTEAU_ID_POT":226979,"DATE_CONCEPTION_POT":20130918000000,"DESCRIPTION_REP":"Réel","DESCRIPTION_RTP":"3- Fût","X":295351.938,"Y":5051062,"ID_ARRONDISSEMENT":"16","TRC_ID":1611449}}
,{"type":"Feature","geometry":{"type":"Point","coordinates":[295497.125,5050862.5]},"properties":{"POTEAU_ID_POT":226975,"DATE_CONCEPTION_POT":20130918000000,"DESCRIPTION_REP":"Réel","DESCRIPTION_RTP":"4- Poteau en bois","X":295497.125,"Y":5050862.5,"ID_ARRONDISSEMENT":"16","TRC_ID":1611464}}
,{"type":"Feature","geometry":{"type":"Point","coordinates":[295497.25,5050845]},"properties":{"POTEAU_ID_POT":226973,"DATE_CONCEPTION_POT":20130918000000,"DESCRIPTION_REP":"Réel","DESCRIPTION_RTP":"1- Tige et base","X":295497.25,"Y":5050845,"ID_ARRONDISSEMENT":"16","TRC_ID":1611464}}
,{"type":"Feature","geometry":{"type":"Point","coordinates":[295426.182,5050934.941]},"properties":{"POTEAU_ID_POT":226981,"DATE_CONCEPTION_POT":20130918000000,"DESCRIPTION_REP":"Réel","DESCRIPTION_RTP":"1- Tige et base","X":295426.182,"Y":5050934.941,"ID_ARRONDISSEMENT":"16","TRC_ID":1611450}}
,{"type":"Feature","geometry":{"type":"Point","coordinates":[293790.25,5050901.5]},"properties":{"POTEAU_ID_POT":222347,"DATE_CONCEPTION_POT":20120903000000,"DESCRIPTION_REP":"Réel","DESCRIPTION_RTP":"4- Poteau en bois","X":293790.25,"Y":5050901.5,"ID_ARRONDISSEMENT":"16","TRC_ID":1610202}}
,{"type":"Feature","geometry":{"type":"Point","coordinates":[293751.156,5050840]},"properties":{"POTEAU_ID_POT":222348,"DATE_CONCEPTION_POT":20120903000000,"DESCRIPTION_REP":"Réel","DESCRIPTION_RTP":"3- Fût","X":293751.156,"Y":5050840,"ID_ARRONDISSEMENT":"16","TRC_ID":4011429}}
,{"type":"Feature","geometry":{"type":"Point","coordinates":[293835.156,5050987]},"properties":{"POTEAU_ID_POT":220469,"DATE_CONCEPTION_POT":20120903000000,"DESCRIPTION_REP":"Réel","DESCRIPTION_RTP":"3- Fût","X":293835.156,"Y":5050987,"ID_ARRONDISSEMENT":"16","TRC_ID":1610489}}
,{"type":"Feature","geometry":{"type":"Point","coordinates":[293880.344,5051061.5]},"properties":{"POTEAU_ID_POT":220609,"DATE_CONCEPTION_POT":20120903000000,"DESCRIPTION_REP":"Réel","DESCRIPTION_RTP":"3- Fût","X":293880.344,"Y":5051061.5,"ID_ARRONDISSEMENT":"16","TRC_ID":1610536}}
,{"type":"Feature","geometry":{"type":"Point","coordinates":[293989.921,5051947.491]},"properties":{"POTEAU_ID_POT":226205,"DATE_CONCEPTION_POT":20130718000000,"DESCRIPTION_REP":"Enlevé","DESCRIPTION_RTP":"1- Tige et base","X":293989.921,"Y":5051947.491,"ID_ARRONDISSEMENT":"16","TRC_ID":1610637}}
,{"type":"Feature","geometry":{"type":"Point","coordinates":[295689.099,5054026.012]},"properties":{"POTEAU_ID_POT":105193,"DATE_CONCEPTION_POT":20001121000000,"DESCRIPTION_REP":"Réel","DESCRIPTION_RTP":"3- Fût","X":295689.099,"Y":5054026.012,"ID_ARRONDISSEMENT":"16","TRC_ID":1611236}}
]}
