{"name":"json_sortie","type":"FeatureCollection"
,"features":[
{"type":"Feature","geometry":{"type":"Point","coordinates":[297699.237,5034118.254]},"properties":{"POTEAU_ID_POT":147221,"DATE_CONCEPTION_POT":20020109000000,"DESCRIPTION_REP":"Enlevé","DESCRIPTION_RTP":"6- Base amovible","X":297699.237,"Y":5034118.254,"ID_ARRONDISSEMENT":"12","TRC_ID":1601636}}
,{"type":"Feature","geometry":{"type":"Point","coordinates":[297367.069,5033652.809]},"properties":{"POTEAU_ID_POT":116466,"DATE_CONCEPTION_POT":20001214000000,"DESCRIPTION_REP":"Réel","DESCRIPTION_RTP":"3- Fût","X":297367.069,"Y":5033652.809,"ID_ARRONDISSEMENT":"12","TRC_ID":1624883}}
,{"type":"Feature","geometry":{"type":"Point","coordinates":[297719.684,5034194.861]},"properties":{"POTEAU_ID_POT":64345,"DATE_CONCEPTION_POT":20060316000000,"DESCRIPTION_REP":"Réel","DESCRIPTION_RTP":"1- Tige et base","X":297719.684,"Y":5034194.861,"ID_ARRONDISSEMENT":"12","TRC_ID":1624196}}
,{"type":"Feature","geometry":{"type":"Point","coordinates":[297349.599,5033623.146]},"properties":{"POTEAU_ID_POT":116467,"DATE_CONCEPTION_POT":20001214000000,"DESCRIPTION_REP":"Réel","DESCRIPTION_RTP":"3- Fût","X":297349.599,"Y":5033623.146,"ID_ARRONDISSEMENT":"12","TRC_ID":1624883}}
,{"type":"Feature","geometry":{"type":"Point","coordinates":[297733.375,5034098]},"properties":{"POTEAU_ID_POT":157486,"DATE_CONCEPTION_POT":20121001000000,"DESCRIPTION_REP":"Réel","DESCRIPTION_RTP":"3- Fût","X":297733.375,"Y":5034098,"ID_ARRONDISSEMENT":"12","TRC_ID":1604509}}
,{"type":"Feature","geometry":{"type":"Point","coordinates":[297750.822,5034216.093]},"properties":{"POTEAU_ID_POT":116549,"DATE_CONCEPTION_POT":20001214000000,"DESCRIPTION_REP":"Réel","DESCRIPTION_RTP":"3- Fût","X":297750.822,"Y":5034216.093,"ID_ARRONDISSEMENT":"12","TRC_ID":4010711}}
,{"type":"Feature","geometry":{"type":"Point","coordinates":[297729.375,5034185]},"properties":{"POTEAU_ID_POT":64349,"DATE_CONCEPTION_POT":20131216000000,"DESCRIPTION_REP":"Réel","DESCRIPTION_RTP":"3- Fût","X":297729.375,"Y":5034185,"ID_ARRONDISSEMENT":"12","TRC_ID":4010711}}
,{"type":"Feature","geometry":{"type":"Point","coordinates":[297659.906,5034086]},"properties":{"POTEAU_ID_POT":64361,"DATE_CONCEPTION_POT":20131216000000,"DESCRIPTION_REP":"Réel","DESCRIPTION_RTP":"3- Fût","X":297659.906,"Y":5034086,"ID_ARRONDISSEMENT":"12","TRC_ID":1625003}}
,{"type":"Feature","geometry":{"type":"Point","coordinates":[297432.563,5033754]},"properties":{"POTEAU_ID_POT":116455,"DATE_CONCEPTION_POT":20131216000000,"DESCRIPTION_REP":"Réel","DESCRIPTION_RTP":"3- Fût","X":297432.563,"Y":5033754,"ID_ARRONDISSEMENT":"12","TRC_ID":1624883}}
,{"type":"Feature","geometry":{"type":"Point","coordinates":[297710.781,5034095]},"properties":{"POTEAU_ID_POT":157488,"DATE_CONCEPTION_POT":20121001000000,"DESCRIPTION_REP":"Réel","DESCRIPTION_RTP":"3- Fût","X":297710.781,"Y":5034095,"ID_ARRONDISSEMENT":"12","TRC_ID":1604509}}
,{"type":"Feature","geometry":{"type":"Point","coordinates":[297425.938,5033722.5]},"properties":{"POTEAU_ID_POT":116460,"DATE_CONCEPTION_POT":20101214000000,"DESCRIPTION_REP":"Réel","DESCRIPTION_RTP":"1- Tige et base","X":297425.938,"Y":5033722.5,"ID_ARRONDISSEMENT":"12","TRC_ID":1340576}}
,{"type":"Feature","geometry":{"type":"Point","coordinates":[297284.577,5033487.263]},"properties":{"POTEAU_ID_POT":116505,"DATE_CONCEPTION_POT":20001214000000,"DESCRIPTION_REP":"Réel","DESCRIPTION_RTP":"9- Autres","X":297284.577,"Y":5033487.263,"ID_ARRONDISSEMENT":"12","TRC_ID":4008697}}
,{"type":"Feature","geometry":{"type":"Point","coordinates":[298481.515,5036030.958]},"properties":{"POTEAU_ID_POT":116818,"DATE_CONCEPTION_POT":20001214000000,"DESCRIPTION_REP":"Réel","DESCRIPTION_RTP":"3- Fût","X":298481.515,"Y":5036030.958,"ID_ARRONDISSEMENT":"12","TRC_ID":1623798}}
,{"type":"Feature","geometry":{"type":"Point","coordinates":[297735.066,5034078.118]},"properties":{"POTEAU_ID_POT":222783,"DATE_CONCEPTION_POT":20121001000000,"DESCRIPTION_REP":"Réel","DESCRIPTION_RTP":"3- Fût","X":297735.066,"Y":5034078.118,"ID_ARRONDISSEMENT":"12","TRC_ID":1604509}}
,{"type":"Feature","geometry":{"type":"Point","coordinates":[297132.247,5033235.349]},"properties":{"POTEAU_ID_POT":62202,"DATE_CONCEPTION_POT":19990110000000,"DESCRIPTION_REP":"Réel","DESCRIPTION_RTP":"1- Tige et base","X":297132.247,"Y":5033235.349,"ID_ARRONDISSEMENT":"12","TRC_ID":4008697}}
,{"type":"Feature","geometry":{"type":"Point","coordinates":[297566.406,5033926.645]},"properties":{"POTEAU_ID_POT":62212,"DATE_CONCEPTION_POT":19990110000000,"DESCRIPTION_REP":"Réel","DESCRIPTION_RTP":"10- Fût et feux","X":297566.406,"Y":5033926.645,"ID_ARRONDISSEMENT":"12","TRC_ID":4002680}}
,{"type":"Feature","geometry":{"type":"Point","coordinates":[297718.844,5034107.5]},"properties":{"POTEAU_ID_POT":157485,"DATE_CONCEPTION_POT":20121001000000,"DESCRIPTION_REP":"Réel","DESCRIPTION_RTP":"3- Fût","X":297718.844,"Y":5034107.5,"ID_ARRONDISSEMENT":"12","TRC_ID":1604509}}
,{"type":"Feature","geometry":{"type":"Point","coordinates":[297704.573,5034107.973]},"properties":{"POTEAU_ID_POT":147224,"DATE_CONCEPTION_POT":20041105000000,"DESCRIPTION_REP":"Enlevé","DESCRIPTION_RTP":"1- Tige et base","X":297704.573,"Y":5034107.973,"ID_ARRONDISSEMENT":"12","TRC_ID":1604509}}
,{"type":"Feature","geometry":{"type":"Point","coordinates":[297462.688,5033775.5]},"properties":{"POTEAU_ID_POT":116450,"DATE_CONCEPTION_POT":20100518000000,"DESCRIPTION_REP":"Réel","DESCRIPTION_RTP":"1- Tige et base","X":297462.688,"Y":5033775.5,"ID_ARRONDISSEMENT":"12","TRC_ID":1340576}}
,{"type":"Feature","geometry":{"type":"Point","coordinates":[297692.34,5034106.5]},"properties":{"POTEAU_ID_POT":157490,"DATE_CONCEPTION_POT":20041105000000,"DESCRIPTION_REP":"Enlevé","DESCRIPTION_RTP":"10- Fût et feux","X":297692.34,"Y":5034106.5,"ID_ARRONDISSEMENT":"12","TRC_ID":1601636}}
,{"type":"Feature","geometry":{"type":"Point","coordinates":[297695.904,5034108.823]},"properties":{"POTEAU_ID_POT":147222,"DATE_CONCEPTION_POT":20020109000000,"DESCRIPTION_REP":"Enlevé","DESCRIPTION_RTP":"1- Tige et base","X":297695.904,"Y":5034108.823,"ID_ARRONDISSEMENT":"12","TRC_ID":1601636}}
,{"type":"Feature","geometry":{"type":"Point","coordinates":[297699.088,5034111.343]},"properties":{"POTEAU_ID_POT":147223,"DATE_CONCEPTION_POT":20020109000000,"DESCRIPTION_REP":"Enlevé","DESCRIPTION_RTP":"1- Tige et base","X":297699.088,"Y":5034111.343,"ID_ARRONDISSEMENT":"12","TRC_ID":1601636}}
,{"type":"Feature","geometry":{"type":"Point","coordinates":[298481.281,5035951.5]},"properties":{"POTEAU_ID_POT":116797,"DATE_CONCEPTION_POT":20100616000000,"DESCRIPTION_REP":"Réel","DESCRIPTION_RTP":"3- Fût","X":298481.281,"Y":5035951.5,"ID_ARRONDISSEMENT":"12","TRC_ID":1601374}}
,{"type":"Feature","geometry":{"type":"Point","coordinates":[297724.656,5034085.5]},"properties":{"POTEAU_ID_POT":157487,"DATE_CONCEPTION_POT":20121001000000,"DESCRIPTION_REP":"Réel","DESCRIPTION_RTP":"3- Fût","X":297724.656,"Y":5034085.5,"ID_ARRONDISSEMENT":"12","TRC_ID":1604509}}
,{"type":"Feature","geometry":{"type":"Point","coordinates":[297697.531,5034103.5]},"properties":{"POTEAU_ID_POT":157481,"DATE_CONCEPTION_POT":20121001000000,"DESCRIPTION_REP":"Réel","DESCRIPTION_RTP":"3- Fût","X":297697.531,"Y":5034103.5,"ID_ARRONDISSEMENT":"12","TRC_ID":1604509}}
,{"type":"Feature","geometry":{"type":"Point","coordinates":[297298.781,5033516.156]},"properties":{"POTEAU_ID_POT":116500,"DATE_CONCEPTION_POT":20060616000000,"DESCRIPTION_REP":"Réel","DESCRIPTION_RTP":"1- Tige et base","X":297298.781,"Y":5033516.156,"ID_ARRONDISSEMENT":"12","TRC_ID":1340576}}
,{"type":"Feature","geometry":{"type":"Point","coordinates":[297280.296,5033484.143]},"properties":{"POTEAU_ID_POT":116504,"DATE_CONCEPTION_POT":20060616000000,"DESCRIPTION_REP":"Réel","DESCRIPTION_RTP":"1- Tige et base","X":297280.296,"Y":5033484.143,"ID_ARRONDISSEMENT":"12","TRC_ID":4008697}}
,{"type":"Feature","geometry":{"type":"Point","coordinates":[298470,5035892.5]},"properties":{"POTEAU_ID_POT":116794,"DATE_CONCEPTION_POT":20091111000000,"DESCRIPTION_REP":"Réel","DESCRIPTION_RTP":"1- Tige et base","X":298470,"Y":5035892.5,"ID_ARRONDISSEMENT":"12","TRC_ID":1351021}}
,{"type":"Feature","geometry":{"type":"Point","coordinates":[297748.99,5034087.201]},"properties":{"POTEAU_ID_POT":80751,"DATE_CONCEPTION_POT":20000515000000,"DESCRIPTION_REP":"Enlevé","DESCRIPTION_RTP":"2- Tige et manchon","X":297748.99,"Y":5034087.201,"ID_ARRONDISSEMENT":"12","TRC_ID":1604510}}
,{"type":"Feature","geometry":{"type":"Point","coordinates":[297669.534,5034076.61]},"properties":{"POTEAU_ID_POT":64362,"DATE_CONCEPTION_POT":null,"DESCRIPTION_REP":"Réel","DESCRIPTION_RTP":"1- Tige et base","X":297669.534,"Y":5034076.61,"ID_ARRONDISSEMENT":"12","TRC_ID":1625003}}
,{"type":"Feature","geometry":{"type":"Point","coordinates":[297693.083,5034107.193]},"properties":{"POTEAU_ID_POT":64359,"DATE_CONCEPTION_POT":null,"DESCRIPTION_REP":"Enlevé","DESCRIPTION_RTP":"2- Tige et manchon","X":297693.083,"Y":5034107.193,"ID_ARRONDISSEMENT":"12","TRC_ID":1601636}}
,{"type":"Feature","geometry":{"type":"Point","coordinates":[297693.76,5034106.743]},"properties":{"POTEAU_ID_POT":147230,"DATE_CONCEPTION_POT":20020109000000,"DESCRIPTION_REP":"Enlevé","DESCRIPTION_RTP":"1- Tige et base","X":297693.76,"Y":5034106.743,"ID_ARRONDISSEMENT":"12","TRC_ID":1601636}}
,{"type":"Feature","geometry":{"type":"Point","coordinates":[297658.028,5034060.508]},"properties":{"POTEAU_ID_POT":64363,"DATE_CONCEPTION_POT":null,"DESCRIPTION_REP":"Réel","DESCRIPTION_RTP":"1- Tige et base","X":297658.028,"Y":5034060.508,"ID_ARRONDISSEMENT":"12","TRC_ID":1625003}}
,{"type":"Feature","geometry":{"type":"Point","coordinates":[297383.013,5033655.499]},"properties":{"POTEAU_ID_POT":116459,"DATE_CONCEPTION_POT":20060616000000,"DESCRIPTION_REP":"Réel","DESCRIPTION_RTP":"1- Tige et base","X":297383.013,"Y":5033655.499,"ID_ARRONDISSEMENT":"12","TRC_ID":1340576}}
,{"type":"Feature","geometry":{"type":"Point","coordinates":[297298.748,5033511.755]},"properties":{"POTEAU_ID_POT":116501,"DATE_CONCEPTION_POT":20060616000000,"DESCRIPTION_REP":"Enlevé","DESCRIPTION_RTP":"1- Tige et base","X":297298.748,"Y":5033511.755,"ID_ARRONDISSEMENT":"12","TRC_ID":1340576}}
,{"type":"Feature","geometry":{"type":"Point","coordinates":[297032.484,5033071.673]},"properties":{"POTEAU_ID_POT":62186,"DATE_CONCEPTION_POT":20060616000000,"DESCRIPTION_REP":"Réel","DESCRIPTION_RTP":"1- Tige et base","X":297032.484,"Y":5033071.673,"ID_ARRONDISSEMENT":"12","TRC_ID":4008697}}
,{"type":"Feature","geometry":{"type":"Point","coordinates":[297624.969,5034012.204]},"properties":{"POTEAU_ID_POT":64371,"DATE_CONCEPTION_POT":19991015000000,"DESCRIPTION_REP":"Réel","DESCRIPTION_RTP":"1- Tige et base","X":297624.969,"Y":5034012.204,"ID_ARRONDISSEMENT":"12","TRC_ID":4006111}}
,{"type":"Feature","geometry":{"type":"Point","coordinates":[298480.156,5035827]},"properties":{"POTEAU_ID_POT":62226,"DATE_CONCEPTION_POT":20110629000000,"DESCRIPTION_REP":"Réel","DESCRIPTION_RTP":"1- Tige et base","X":298480.156,"Y":5035827,"ID_ARRONDISSEMENT":"12","TRC_ID":1350623}}
,{"type":"Feature","geometry":{"type":"Point","coordinates":[298471.5,5035932]},"properties":{"POTEAU_ID_POT":186616,"DATE_CONCEPTION_POT":20110606000000,"DESCRIPTION_REP":"Réel","DESCRIPTION_RTP":"2- Tige et manchon","X":298471.5,"Y":5035932,"ID_ARRONDISSEMENT":"12","TRC_ID":1351021}}
,{"type":"Feature","geometry":{"type":"Point","coordinates":[297706.219,5034116]},"properties":{"POTEAU_ID_POT":157482,"DATE_CONCEPTION_POT":20121001000000,"DESCRIPTION_REP":"Réel","DESCRIPTION_RTP":"3- Fût","X":297706.219,"Y":5034116,"ID_ARRONDISSEMENT":"12","TRC_ID":1604509}}
,{"type":"Feature","geometry":{"type":"Point","coordinates":[298475.329,5035955.481]},"properties":{"POTEAU_ID_POT":116796,"DATE_CONCEPTION_POT":20111212000000,"DESCRIPTION_REP":"Réel","DESCRIPTION_RTP":"10- Fût et feux","X":298475.329,"Y":5035955.481,"ID_ARRONDISSEMENT":"12","TRC_ID":1623798}}
,{"type":"Feature","geometry":{"type":"Point","coordinates":[297740.783,5034076.78]},"properties":{"POTEAU_ID_POT":80750,"DATE_CONCEPTION_POT":20000515000000,"DESCRIPTION_REP":"Enlevé","DESCRIPTION_RTP":"2- Tige et manchon","X":297740.783,"Y":5034076.78,"ID_ARRONDISSEMENT":"12","TRC_ID":1604510}}
,{"type":"Feature","geometry":{"type":"Point","coordinates":[298472.549,5035933.379]},"properties":{"POTEAU_ID_POT":116795,"DATE_CONCEPTION_POT":20001214000000,"DESCRIPTION_REP":"Réel","DESCRIPTION_RTP":"10- Fût et feux","X":298472.549,"Y":5035933.379,"ID_ARRONDISSEMENT":"12","TRC_ID":1351021}}
,{"type":"Feature","geometry":{"type":"Point","coordinates":[297689.031,5034104.5]},"properties":{"POTEAU_ID_POT":64356,"DATE_CONCEPTION_POT":20121001000000,"DESCRIPTION_REP":"Réel","DESCRIPTION_RTP":"10- Fût et feux","X":297689.031,"Y":5034104.5,"ID_ARRONDISSEMENT":"12","TRC_ID":1625003}}
,{"type":"Feature","geometry":{"type":"Point","coordinates":[298476.756,5035974.053]},"properties":{"POTEAU_ID_POT":116798,"DATE_CONCEPTION_POT":20001214000000,"DESCRIPTION_REP":"Réel","DESCRIPTION_RTP":"1- Tige et base","X":298476.756,"Y":5035974.053,"ID_ARRONDISSEMENT":"12","TRC_ID":1623798}}
,{"type":"Feature","geometry":{"type":"Point","coordinates":[297693.199,5034109.323]},"properties":{"POTEAU_ID_POT":147220,"DATE_CONCEPTION_POT":20020109000000,"DESCRIPTION_REP":"Enlevé","DESCRIPTION_RTP":"6- Base amovible","X":297693.199,"Y":5034109.323,"ID_ARRONDISSEMENT":"12","TRC_ID":1601636}}
,{"type":"Feature","geometry":{"type":"Point","coordinates":[297707.188,5034154]},"properties":{"POTEAU_ID_POT":64352,"DATE_CONCEPTION_POT":20121009000000,"DESCRIPTION_REP":"Réel","DESCRIPTION_RTP":"1- Tige et base","X":297707.188,"Y":5034154,"ID_ARRONDISSEMENT":"12","TRC_ID":4010711}}
,{"type":"Feature","geometry":{"type":"Point","coordinates":[297678.344,5034112.5]},"properties":{"POTEAU_ID_POT":64357,"DATE_CONCEPTION_POT":20121015000000,"DESCRIPTION_REP":"Réel","DESCRIPTION_RTP":"10- Fût et feux","X":297678.344,"Y":5034112.5,"ID_ARRONDISSEMENT":"12","TRC_ID":1625003}}
,{"type":"Feature","geometry":{"type":"Point","coordinates":[297690.438,5034130.5]},"properties":{"POTEAU_ID_POT":64346,"DATE_CONCEPTION_POT":20121015000000,"DESCRIPTION_REP":"Réel","DESCRIPTION_RTP":"10- Fût et feux","X":297690.438,"Y":5034130.5,"ID_ARRONDISSEMENT":"12","TRC_ID":4010711}}
,{"type":"Feature","geometry":{"type":"Point","coordinates":[297641.188,5034058.5]},"properties":{"POTEAU_ID_POT":64364,"DATE_CONCEPTION_POT":20140828000000,"DESCRIPTION_REP":"Réel","DESCRIPTION_RTP":"3- Fût","X":297641.188,"Y":5034058.5,"ID_ARRONDISSEMENT":"12","TRC_ID":4006111}}
,{"type":"Feature","geometry":{"type":"Point","coordinates":[298477.779,5035983.414]},"properties":{"POTEAU_ID_POT":116799,"DATE_CONCEPTION_POT":20001214000000,"DESCRIPTION_REP":"Réel","DESCRIPTION_RTP":"3- Fût","X":298477.779,"Y":5035983.414,"ID_ARRONDISSEMENT":"12","TRC_ID":1623798}}
,{"type":"Feature","geometry":{"type":"Point","coordinates":[297230.427,5033399.154]},"properties":{"POTEAU_ID_POT":116519,"DATE_CONCEPTION_POT":20001214000000,"DESCRIPTION_REP":"Réel","DESCRIPTION_RTP":"1- Tige et base","X":297230.427,"Y":5033399.154,"ID_ARRONDISSEMENT":"12","TRC_ID":4008697}}
,{"type":"Feature","geometry":{"type":"Point","coordinates":[298461.497,5036083.804]},"properties":{"POTEAU_ID_POT":116824,"DATE_CONCEPTION_POT":20001214000000,"DESCRIPTION_REP":"Réel","DESCRIPTION_RTP":"9- Autres","X":298461.497,"Y":5036083.804,"ID_ARRONDISSEMENT":"12","TRC_ID":null}}
,{"type":"Feature","geometry":{"type":"Point","coordinates":[297745.906,5034091]},"properties":{"POTEAU_ID_POT":222784,"DATE_CONCEPTION_POT":20121001000000,"DESCRIPTION_REP":"Réel","DESCRIPTION_RTP":"3- Fût","X":297745.906,"Y":5034091,"ID_ARRONDISSEMENT":"12","TRC_ID":1604509}}
,{"type":"Feature","geometry":{"type":"Point","coordinates":[297701.4,5034119]},"properties":{"POTEAU_ID_POT":157489,"DATE_CONCEPTION_POT":20041105000000,"DESCRIPTION_REP":"Enlevé","DESCRIPTION_RTP":"10- Fût et feux","X":297701.4,"Y":5034119,"ID_ARRONDISSEMENT":"12","TRC_ID":1601636}}
,{"type":"Feature","geometry":{"type":"Point","coordinates":[297701.15,5034118.304]},"properties":{"POTEAU_ID_POT":64358,"DATE_CONCEPTION_POT":null,"DESCRIPTION_REP":"Enlevé","DESCRIPTION_RTP":"2- Tige et manchon","X":297701.15,"Y":5034118.304,"ID_ARRONDISSEMENT":"12","TRC_ID":1601636}}
,{"type":"Feature","geometry":{"type":"Point","coordinates":[297489.366,5033813.874]},"properties":{"POTEAU_ID_POT":116440,"DATE_CONCEPTION_POT":20001214000000,"DESCRIPTION_REP":"Réel","DESCRIPTION_RTP":"1- Tige et base","X":297489.366,"Y":5033813.874,"ID_ARRONDISSEMENT":"12","TRC_ID":1341109}}
,{"type":"Feature","geometry":{"type":"Point","coordinates":[297712.071,5034138.526]},"properties":{"POTEAU_ID_POT":64350,"DATE_CONCEPTION_POT":19991015000000,"DESCRIPTION_REP":"Réel","DESCRIPTION_RTP":"4- Poteau en bois","X":297712.071,"Y":5034138.526,"ID_ARRONDISSEMENT":"12","TRC_ID":4010711}}
,{"type":"Feature","geometry":{"type":"Point","coordinates":[297753.7,5034196.791]},"properties":{"POTEAU_ID_POT":64344,"DATE_CONCEPTION_POT":19991015000000,"DESCRIPTION_REP":"Réel","DESCRIPTION_RTP":"1- Tige et base","X":297753.7,"Y":5034196.791,"ID_ARRONDISSEMENT":"12","TRC_ID":4010711}}
,{"type":"Feature","geometry":{"type":"Point","coordinates":[297706.157,5034111.993]},"properties":{"POTEAU_ID_POT":147225,"DATE_CONCEPTION_POT":20020109000000,"DESCRIPTION_REP":"Enlevé","DESCRIPTION_RTP":"1- Tige et base","X":297706.157,"Y":5034111.993,"ID_ARRONDISSEMENT":"12","TRC_ID":1604509}}
,{"type":"Feature","geometry":{"type":"Point","coordinates":[297701.686,5034117.644]},"properties":{"POTEAU_ID_POT":147229,"DATE_CONCEPTION_POT":20020109000000,"DESCRIPTION_REP":"Enlevé","DESCRIPTION_RTP":"1- Tige et base","X":297701.686,"Y":5034117.644,"ID_ARRONDISSEMENT":"12","TRC_ID":1601636}}
,{"type":"Feature","geometry":{"type":"Point","coordinates":[299210.065,5036925.455]},"properties":{"POTEAU_ID_POT":64123,"DATE_CONCEPTION_POT":19991015000000,"DESCRIPTION_REP":"Réel","DESCRIPTION_RTP":"10- Fût et feux","X":299210.065,"Y":5036925.455,"ID_ARRONDISSEMENT":"12","TRC_ID":1601169}}
,{"type":"Feature","geometry":{"type":"Point","coordinates":[297714.563,5034164.5]},"properties":{"POTEAU_ID_POT":64348,"DATE_CONCEPTION_POT":20130409000000,"DESCRIPTION_REP":"Réel","DESCRIPTION_RTP":"3- Fût","X":297714.563,"Y":5034164.5,"ID_ARRONDISSEMENT":"12","TRC_ID":4010711}}
,{"type":"Feature","geometry":{"type":"Point","coordinates":[297700.589,5034144.456]},"properties":{"POTEAU_ID_POT":64347,"DATE_CONCEPTION_POT":20041105000000,"DESCRIPTION_REP":"Réel","DESCRIPTION_RTP":"3- Fût","X":297700.589,"Y":5034144.456,"ID_ARRONDISSEMENT":"12","TRC_ID":4010711}}
,{"type":"Feature","geometry":{"type":"Point","coordinates":[297248.235,5033428.657]},"properties":{"POTEAU_ID_POT":116513,"DATE_CONCEPTION_POT":20001214000000,"DESCRIPTION_REP":"Réel","DESCRIPTION_RTP":"1- Tige et base","X":297248.235,"Y":5033428.657,"ID_ARRONDISSEMENT":"12","TRC_ID":4008697}}
,{"type":"Feature","geometry":{"type":"Point","coordinates":[297522.937,5033861.059]},"properties":{"POTEAU_ID_POT":62209,"DATE_CONCEPTION_POT":19990110000000,"DESCRIPTION_REP":"Réel","DESCRIPTION_RTP":"1- Tige et base","X":297522.937,"Y":5033861.059,"ID_ARRONDISSEMENT":"12","TRC_ID":1341109}}
,{"type":"Feature","geometry":{"type":"Point","coordinates":[297446.739,5033749.598]},"properties":{"POTEAU_ID_POT":116453,"DATE_CONCEPTION_POT":20001214000000,"DESCRIPTION_REP":"Réel","DESCRIPTION_RTP":"1- Tige et base","X":297446.739,"Y":5033749.598,"ID_ARRONDISSEMENT":"12","TRC_ID":1340576}}
,{"type":"Feature","geometry":{"type":"Point","coordinates":[297192.221,5033338.078]},"properties":{"POTEAU_ID_POT":116526,"DATE_CONCEPTION_POT":20001214000000,"DESCRIPTION_REP":"Réel","DESCRIPTION_RTP":"1- Tige et base","X":297192.221,"Y":5033338.078,"ID_ARRONDISSEMENT":"12","TRC_ID":4008697}}
,{"type":"Feature","geometry":{"type":"Point","coordinates":[297243.632,5033420.346]},"properties":{"POTEAU_ID_POT":116517,"DATE_CONCEPTION_POT":20001214000000,"DESCRIPTION_REP":"Réel","DESCRIPTION_RTP":"9- Autres","X":297243.632,"Y":5033420.346,"ID_ARRONDISSEMENT":"12","TRC_ID":4008697}}
,{"type":"Feature","geometry":{"type":"Point","coordinates":[297442.681,5033747.368]},"properties":{"POTEAU_ID_POT":116454,"DATE_CONCEPTION_POT":20001214000000,"DESCRIPTION_REP":"Réel","DESCRIPTION_RTP":"1- Tige et base","X":297442.681,"Y":5033747.368,"ID_ARRONDISSEMENT":"12","TRC_ID":1340576}}
,{"type":"Feature","geometry":{"type":"Point","coordinates":[297701.313,5034123.5]},"properties":{"POTEAU_ID_POT":64355,"DATE_CONCEPTION_POT":20121001000000,"DESCRIPTION_REP":"Réel","DESCRIPTION_RTP":"10- Fût et feux","X":297701.313,"Y":5034123.5,"ID_ARRONDISSEMENT":"12","TRC_ID":null}}
,{"type":"Feature","geometry":{"type":"Point","coordinates":[297396.16,5033699.913]},"properties":{"POTEAU_ID_POT":116463,"DATE_CONCEPTION_POT":20001214000000,"DESCRIPTION_REP":"Réel","DESCRIPTION_RTP":"3- Fût","X":297396.16,"Y":5033699.913,"ID_ARRONDISSEMENT":"12","TRC_ID":1624883}}
,{"type":"Feature","geometry":{"type":"Point","coordinates":[297743.01,5034204.302]},"properties":{"POTEAU_ID_POT":64343,"DATE_CONCEPTION_POT":19991015000000,"DESCRIPTION_REP":"Réel","DESCRIPTION_RTP":"3- Fût","X":297743.01,"Y":5034204.302,"ID_ARRONDISSEMENT":"12","TRC_ID":4010711}}
,{"type":"Feature","geometry":{"type":"Point","coordinates":[297383.153,5033678.441]},"properties":{"POTEAU_ID_POT":116464,"DATE_CONCEPTION_POT":20001214000000,"DESCRIPTION_REP":"Réel","DESCRIPTION_RTP":"3- Fût","X":297383.153,"Y":5033678.441,"ID_ARRONDISSEMENT":"12","TRC_ID":1624883}}
,{"type":"Feature","geometry":{"type":"Point","coordinates":[297094.684,5033172.882]},"properties":{"POTEAU_ID_POT":62197,"DATE_CONCEPTION_POT":20040914000000,"DESCRIPTION_REP":"Réel","DESCRIPTION_RTP":"1- Tige et base","X":297094.684,"Y":5033172.882,"ID_ARRONDISSEMENT":"12","TRC_ID":4008697}}
]}
