{"name":"json_sortie","type":"FeatureCollection"
,"features":[
{"type":"Feature","geometry":{"type":"Point","coordinates":[298841.156,5054309.5]},"properties":{"POTEAU_ID_POT":125995,"DATE_CONCEPTION_POT":20101103000000,"DESCRIPTION_REP":"Réel","DESCRIPTION_RTP":"1- Tige et base","X":298841.156,"Y":5054309.5,"ID_ARRONDISSEMENT":"9","TRC_ID":1624607}}
,{"type":"Feature","geometry":{"type":"Point","coordinates":[298824.259,5054311.576]},"properties":{"POTEAU_ID_POT":215271,"DATE_CONCEPTION_POT":20101103000000,"DESCRIPTION_REP":"Réel","DESCRIPTION_RTP":"3- Fût","X":298824.259,"Y":5054311.576,"ID_ARRONDISSEMENT":"9","TRC_ID":1624607}}
,{"type":"Feature","geometry":{"type":"Point","coordinates":[297109.663,5052664.134]},"properties":{"POTEAU_ID_POT":125687,"DATE_CONCEPTION_POT":20010613000000,"DESCRIPTION_REP":"Réel","DESCRIPTION_RTP":"1- Tige et base","X":297109.663,"Y":5052664.134,"ID_ARRONDISSEMENT":"9","TRC_ID":4001307}}
,{"type":"Feature","geometry":{"type":"Point","coordinates":[297484.624,5052985.315]},"properties":{"POTEAU_ID_POT":125710,"DATE_CONCEPTION_POT":20010613000000,"DESCRIPTION_REP":"Réel","DESCRIPTION_RTP":"11- Pot. bois/feux","X":297484.624,"Y":5052985.315,"ID_ARRONDISSEMENT":"9","TRC_ID":4010897}}
,{"type":"Feature","geometry":{"type":"Point","coordinates":[297498.844,5052999.887]},"properties":{"POTEAU_ID_POT":125714,"DATE_CONCEPTION_POT":20010613000000,"DESCRIPTION_REP":"Réel","DESCRIPTION_RTP":"10- Fût et feux","X":297498.844,"Y":5052999.887,"ID_ARRONDISSEMENT":"9","TRC_ID":1624592}}
,{"type":"Feature","geometry":{"type":"Point","coordinates":[297501.632,5053007.378]},"properties":{"POTEAU_ID_POT":125718,"DATE_CONCEPTION_POT":null,"DESCRIPTION_REP":"Enlevé","DESCRIPTION_RTP":"4- Poteau en bois","X":297501.632,"Y":5053007.378,"ID_ARRONDISSEMENT":"9","TRC_ID":1624592}}
,{"type":"Feature","geometry":{"type":"Point","coordinates":[297515.909,5053021.329]},"properties":{"POTEAU_ID_POT":125719,"DATE_CONCEPTION_POT":20010613000000,"DESCRIPTION_REP":"Réel","DESCRIPTION_RTP":"1- Tige et base","X":297515.909,"Y":5053021.329,"ID_ARRONDISSEMENT":"9","TRC_ID":1624592}}
,{"type":"Feature","geometry":{"type":"Point","coordinates":[297545.892,5053070.063]},"properties":{"POTEAU_ID_POT":125723,"DATE_CONCEPTION_POT":20010613000000,"DESCRIPTION_REP":"Réel","DESCRIPTION_RTP":"3- Fût","X":297545.892,"Y":5053070.063,"ID_ARRONDISSEMENT":"9","TRC_ID":1624590}}
,{"type":"Feature","geometry":{"type":"Point","coordinates":[297581.145,5053083.555]},"properties":{"POTEAU_ID_POT":125737,"DATE_CONCEPTION_POT":20010613000000,"DESCRIPTION_REP":"Réel","DESCRIPTION_RTP":"1- Tige et base","X":297581.145,"Y":5053083.555,"ID_ARRONDISSEMENT":"9","TRC_ID":1624592}}
,{"type":"Feature","geometry":{"type":"Point","coordinates":[297604.868,5053106.407]},"properties":{"POTEAU_ID_POT":125739,"DATE_CONCEPTION_POT":null,"DESCRIPTION_REP":"Enlevé","DESCRIPTION_RTP":"4- Poteau en bois","X":297604.868,"Y":5053106.407,"ID_ARRONDISSEMENT":"9","TRC_ID":1624592}}
,{"type":"Feature","geometry":{"type":"Point","coordinates":[297613.438,5053112.798]},"properties":{"POTEAU_ID_POT":125740,"DATE_CONCEPTION_POT":20010613000000,"DESCRIPTION_REP":"Réel","DESCRIPTION_RTP":"6- Base amovible","X":297613.438,"Y":5053112.798,"ID_ARRONDISSEMENT":"9","TRC_ID":1624592}}
,{"type":"Feature","geometry":{"type":"Point","coordinates":[297651.553,5053151.582]},"properties":{"POTEAU_ID_POT":125750,"DATE_CONCEPTION_POT":null,"DESCRIPTION_REP":"Enlevé","DESCRIPTION_RTP":"4- Poteau en bois","X":297651.553,"Y":5053151.582,"ID_ARRONDISSEMENT":"9","TRC_ID":1624593}}
,{"type":"Feature","geometry":{"type":"Point","coordinates":[297780.524,5053298.435]},"properties":{"POTEAU_ID_POT":125757,"DATE_CONCEPTION_POT":20010613000000,"DESCRIPTION_REP":"Réel","DESCRIPTION_RTP":"3- Fût","X":297780.524,"Y":5053298.435,"ID_ARRONDISSEMENT":"9","TRC_ID":1624594}}
,{"type":"Feature","geometry":{"type":"Point","coordinates":[297795.338,5053313.057]},"properties":{"POTEAU_ID_POT":125769,"DATE_CONCEPTION_POT":20010613000000,"DESCRIPTION_REP":"Réel","DESCRIPTION_RTP":"2- Tige et manchon","X":297795.338,"Y":5053313.057,"ID_ARRONDISSEMENT":"9","TRC_ID":1624594}}
,{"type":"Feature","geometry":{"type":"Point","coordinates":[297845.29,5053341.63]},"properties":{"POTEAU_ID_POT":125772,"DATE_CONCEPTION_POT":null,"DESCRIPTION_REP":"Enlevé","DESCRIPTION_RTP":"4- Poteau en bois","X":297845.29,"Y":5053341.63,"ID_ARRONDISSEMENT":"9","TRC_ID":1624596}}
,{"type":"Feature","geometry":{"type":"Point","coordinates":[297781.01,5053276.844]},"properties":{"POTEAU_ID_POT":125774,"DATE_CONCEPTION_POT":null,"DESCRIPTION_REP":"Enlevé","DESCRIPTION_RTP":"4- Poteau en bois","X":297781.01,"Y":5053276.844,"ID_ARRONDISSEMENT":"9","TRC_ID":1624596}}
,{"type":"Feature","geometry":{"type":"Point","coordinates":[297762.064,5053260.592]},"properties":{"POTEAU_ID_POT":125780,"DATE_CONCEPTION_POT":null,"DESCRIPTION_REP":"Enlevé","DESCRIPTION_RTP":"4- Poteau en bois","X":297762.064,"Y":5053260.592,"ID_ARRONDISSEMENT":"9","TRC_ID":1624593}}
,{"type":"Feature","geometry":{"type":"Point","coordinates":[297746.747,5053245.8]},"properties":{"POTEAU_ID_POT":125784,"DATE_CONCEPTION_POT":20010613000000,"DESCRIPTION_REP":"Réel","DESCRIPTION_RTP":"1- Tige et base","X":297746.747,"Y":5053245.8,"ID_ARRONDISSEMENT":"9","TRC_ID":1624593}}
,{"type":"Feature","geometry":{"type":"Point","coordinates":[297737.162,5053236.52]},"properties":{"POTEAU_ID_POT":125787,"DATE_CONCEPTION_POT":20010613000000,"DESCRIPTION_REP":"Réel","DESCRIPTION_RTP":"1- Tige et base","X":297737.162,"Y":5053236.52,"ID_ARRONDISSEMENT":"9","TRC_ID":1624593}}
,{"type":"Feature","geometry":{"type":"Point","coordinates":[297703.74,5053223.388]},"properties":{"POTEAU_ID_POT":125789,"DATE_CONCEPTION_POT":20010613000000,"DESCRIPTION_REP":"Réel","DESCRIPTION_RTP":"3- Fût","X":297703.74,"Y":5053223.388,"ID_ARRONDISSEMENT":"9","TRC_ID":1624591}}
,{"type":"Feature","geometry":{"type":"Point","coordinates":[297687.326,5053207.087]},"properties":{"POTEAU_ID_POT":125790,"DATE_CONCEPTION_POT":20010613000000,"DESCRIPTION_REP":"Réel","DESCRIPTION_RTP":"3- Fût","X":297687.326,"Y":5053207.087,"ID_ARRONDISSEMENT":"9","TRC_ID":1624591}}
,{"type":"Feature","geometry":{"type":"Point","coordinates":[297866.785,5053362.292]},"properties":{"POTEAU_ID_POT":125810,"DATE_CONCEPTION_POT":null,"DESCRIPTION_REP":"Enlevé","DESCRIPTION_RTP":"4- Poteau en bois","X":297866.785,"Y":5053362.292,"ID_ARRONDISSEMENT":"9","TRC_ID":1624596}}
,{"type":"Feature","geometry":{"type":"Point","coordinates":[297941.341,5053433.188]},"properties":{"POTEAU_ID_POT":125826,"DATE_CONCEPTION_POT":20010613000000,"DESCRIPTION_REP":"Enlevé","DESCRIPTION_RTP":"11- Pot. bois/feux","X":297941.341,"Y":5053433.188,"ID_ARRONDISSEMENT":"9","TRC_ID":1624597}}
,{"type":"Feature","geometry":{"type":"Point","coordinates":[298092.219,5053601.5]},"properties":{"POTEAU_ID_POT":125849,"DATE_CONCEPTION_POT":20010613000000,"DESCRIPTION_REP":"Réel","DESCRIPTION_RTP":"3- Fût","X":298092.219,"Y":5053601.5,"ID_ARRONDISSEMENT":"9","TRC_ID":1624598}}
,{"type":"Feature","geometry":{"type":"Point","coordinates":[298114.564,5053623.527]},"properties":{"POTEAU_ID_POT":125860,"DATE_CONCEPTION_POT":20010613000000,"DESCRIPTION_REP":"Réel","DESCRIPTION_RTP":"3- Fût","X":298114.564,"Y":5053623.527,"ID_ARRONDISSEMENT":"9","TRC_ID":1624598}}
,{"type":"Feature","geometry":{"type":"Point","coordinates":[298163.361,5053650.87]},"properties":{"POTEAU_ID_POT":125865,"DATE_CONCEPTION_POT":null,"DESCRIPTION_REP":"Enlevé","DESCRIPTION_RTP":"4- Poteau en bois","X":298163.361,"Y":5053650.87,"ID_ARRONDISSEMENT":"9","TRC_ID":1624600}}
,{"type":"Feature","geometry":{"type":"Point","coordinates":[298210.88,5053696.954]},"properties":{"POTEAU_ID_POT":125879,"DATE_CONCEPTION_POT":null,"DESCRIPTION_REP":"Enlevé","DESCRIPTION_RTP":"4- Poteau en bois","X":298210.88,"Y":5053696.954,"ID_ARRONDISSEMENT":"9","TRC_ID":1624600}}
,{"type":"Feature","geometry":{"type":"Point","coordinates":[298254.711,5053759.6]},"properties":{"POTEAU_ID_POT":125883,"DATE_CONCEPTION_POT":20010613000000,"DESCRIPTION_REP":"Réel","DESCRIPTION_RTP":"3- Fût","X":298254.711,"Y":5053759.6,"ID_ARRONDISSEMENT":"9","TRC_ID":1624599}}
,{"type":"Feature","geometry":{"type":"Point","coordinates":[298295.293,5053779.032]},"properties":{"POTEAU_ID_POT":125886,"DATE_CONCEPTION_POT":20010613000000,"DESCRIPTION_REP":"Réel","DESCRIPTION_RTP":"17- Tige et manchon double","X":298295.293,"Y":5053779.032,"ID_ARRONDISSEMENT":"9","TRC_ID":1624601}}
,{"type":"Feature","geometry":{"type":"Point","coordinates":[298297.57,5053781.432]},"properties":{"POTEAU_ID_POT":125887,"DATE_CONCEPTION_POT":null,"DESCRIPTION_REP":"Enlevé","DESCRIPTION_RTP":"4- Poteau en bois","X":298297.57,"Y":5053781.432,"ID_ARRONDISSEMENT":"9","TRC_ID":1624601}}
,{"type":"Feature","geometry":{"type":"Point","coordinates":[298338.539,5053820.926]},"properties":{"POTEAU_ID_POT":125890,"DATE_CONCEPTION_POT":20010613000000,"DESCRIPTION_REP":"Réel","DESCRIPTION_RTP":"1- Tige et base","X":298338.539,"Y":5053820.926,"ID_ARRONDISSEMENT":"9","TRC_ID":1624601}}
,{"type":"Feature","geometry":{"type":"Point","coordinates":[298413.566,5053892.593]},"properties":{"POTEAU_ID_POT":125901,"DATE_CONCEPTION_POT":20010613000000,"DESCRIPTION_REP":"Réel","DESCRIPTION_RTP":"1- Tige et base","X":298413.566,"Y":5053892.593,"ID_ARRONDISSEMENT":"9","TRC_ID":1624601}}
,{"type":"Feature","geometry":{"type":"Point","coordinates":[298409.351,5053888.483]},"properties":{"POTEAU_ID_POT":125902,"DATE_CONCEPTION_POT":null,"DESCRIPTION_REP":"Enlevé","DESCRIPTION_RTP":"4- Poteau en bois","X":298409.351,"Y":5053888.483,"ID_ARRONDISSEMENT":"9","TRC_ID":1624601}}
,{"type":"Feature","geometry":{"type":"Point","coordinates":[298382.321,5053863.49]},"properties":{"POTEAU_ID_POT":125903,"DATE_CONCEPTION_POT":null,"DESCRIPTION_REP":"Enlevé","DESCRIPTION_RTP":"4- Poteau en bois","X":298382.321,"Y":5053863.49,"ID_ARRONDISSEMENT":"9","TRC_ID":1624601}}
,{"type":"Feature","geometry":{"type":"Point","coordinates":[298356.413,5053838.348]},"properties":{"POTEAU_ID_POT":125904,"DATE_CONCEPTION_POT":null,"DESCRIPTION_REP":"Enlevé","DESCRIPTION_RTP":"4- Poteau en bois","X":298356.413,"Y":5053838.348,"ID_ARRONDISSEMENT":"9","TRC_ID":1624601}}
,{"type":"Feature","geometry":{"type":"Point","coordinates":[298444.885,5053912.085]},"properties":{"POTEAU_ID_POT":125908,"DATE_CONCEPTION_POT":20010613000000,"DESCRIPTION_REP":"Réel","DESCRIPTION_RTP":"10- Fût et feux","X":298444.885,"Y":5053912.085,"ID_ARRONDISSEMENT":"9","TRC_ID":4009280}}
,{"type":"Feature","geometry":{"type":"Point","coordinates":[298465.266,5053940.968]},"properties":{"POTEAU_ID_POT":125910,"DATE_CONCEPTION_POT":20010613000000,"DESCRIPTION_REP":"Réel","DESCRIPTION_RTP":"11- Pot. bois/feux","X":298465.266,"Y":5053940.968,"ID_ARRONDISSEMENT":"9","TRC_ID":1624604}}
,{"type":"Feature","geometry":{"type":"Point","coordinates":[298486.926,5053983.292]},"properties":{"POTEAU_ID_POT":125917,"DATE_CONCEPTION_POT":20010613000000,"DESCRIPTION_REP":"Réel","DESCRIPTION_RTP":"3- Fût","X":298486.926,"Y":5053983.292,"ID_ARRONDISSEMENT":"9","TRC_ID":1624604}}
,{"type":"Feature","geometry":{"type":"Point","coordinates":[298527.986,5054005.314]},"properties":{"POTEAU_ID_POT":125927,"DATE_CONCEPTION_POT":null,"DESCRIPTION_REP":"Enlevé","DESCRIPTION_RTP":"4- Poteau en bois","X":298527.986,"Y":5054005.314,"ID_ARRONDISSEMENT":"9","TRC_ID":1624604}}
,{"type":"Feature","geometry":{"type":"Point","coordinates":[298481.623,5053958.649]},"properties":{"POTEAU_ID_POT":125929,"DATE_CONCEPTION_POT":20010613000000,"DESCRIPTION_REP":"Réel","DESCRIPTION_RTP":"1- Tige et base","X":298481.623,"Y":5053958.649,"ID_ARRONDISSEMENT":"9","TRC_ID":1624604}}
,{"type":"Feature","geometry":{"type":"Point","coordinates":[298550.488,5054047.258]},"properties":{"POTEAU_ID_POT":125932,"DATE_CONCEPTION_POT":20010613000000,"DESCRIPTION_REP":"Réel","DESCRIPTION_RTP":"3- Fût","X":298550.488,"Y":5054047.258,"ID_ARRONDISSEMENT":"9","TRC_ID":1624602}}
,{"type":"Feature","geometry":{"type":"Point","coordinates":[298600.819,5054075.801]},"properties":{"POTEAU_ID_POT":125937,"DATE_CONCEPTION_POT":20010613000000,"DESCRIPTION_REP":"Réel","DESCRIPTION_RTP":"1- Tige et base","X":298600.819,"Y":5054075.801,"ID_ARRONDISSEMENT":"9","TRC_ID":1624604}}
,{"type":"Feature","geometry":{"type":"Point","coordinates":[298553.837,5054029.246]},"properties":{"POTEAU_ID_POT":125938,"DATE_CONCEPTION_POT":null,"DESCRIPTION_REP":"Enlevé","DESCRIPTION_RTP":"4- Poteau en bois","X":298553.837,"Y":5054029.246,"ID_ARRONDISSEMENT":"9","TRC_ID":1624604}}
,{"type":"Feature","geometry":{"type":"Point","coordinates":[298627.651,5054101.753]},"properties":{"POTEAU_ID_POT":125941,"DATE_CONCEPTION_POT":null,"DESCRIPTION_REP":"Enlevé","DESCRIPTION_RTP":"4- Poteau en bois","X":298627.651,"Y":5054101.753,"ID_ARRONDISSEMENT":"9","TRC_ID":1624604}}
,{"type":"Feature","geometry":{"type":"Point","coordinates":[298632.963,5054106.854]},"properties":{"POTEAU_ID_POT":125942,"DATE_CONCEPTION_POT":20010613000000,"DESCRIPTION_REP":"Réel","DESCRIPTION_RTP":"10- Fût et feux","X":298632.963,"Y":5054106.854,"ID_ARRONDISSEMENT":"9","TRC_ID":1624604}}
,{"type":"Feature","geometry":{"type":"Point","coordinates":[298640.988,5054133.376]},"properties":{"POTEAU_ID_POT":125943,"DATE_CONCEPTION_POT":20010613000000,"DESCRIPTION_REP":"Réel","DESCRIPTION_RTP":"3- Fût","X":298640.988,"Y":5054133.376,"ID_ARRONDISSEMENT":"9","TRC_ID":1624605}}
,{"type":"Feature","geometry":{"type":"Point","coordinates":[298650.301,5054124.145]},"properties":{"POTEAU_ID_POT":125944,"DATE_CONCEPTION_POT":null,"DESCRIPTION_REP":"Réel","DESCRIPTION_RTP":"10- Fût et feux","X":298650.301,"Y":5054124.145,"ID_ARRONDISSEMENT":"9","TRC_ID":1624605}}
,{"type":"Feature","geometry":{"type":"Point","coordinates":[298646.061,5054119.875]},"properties":{"POTEAU_ID_POT":125945,"DATE_CONCEPTION_POT":null,"DESCRIPTION_REP":"Enlevé","DESCRIPTION_RTP":"4- Poteau en bois","X":298646.061,"Y":5054119.875,"ID_ARRONDISSEMENT":"9","TRC_ID":1624605}}
,{"type":"Feature","geometry":{"type":"Point","coordinates":[298676.646,5054168.139]},"properties":{"POTEAU_ID_POT":125949,"DATE_CONCEPTION_POT":20010613000000,"DESCRIPTION_REP":"Réel","DESCRIPTION_RTP":"2- Tige et manchon","X":298676.646,"Y":5054168.139,"ID_ARRONDISSEMENT":"9","TRC_ID":1624605}}
,{"type":"Feature","geometry":{"type":"Point","coordinates":[298663.3,5054154.978]},"properties":{"POTEAU_ID_POT":125950,"DATE_CONCEPTION_POT":20010613000000,"DESCRIPTION_REP":"Réel","DESCRIPTION_RTP":"2- Tige et manchon","X":298663.3,"Y":5054154.978,"ID_ARRONDISSEMENT":"9","TRC_ID":1624605}}
,{"type":"Feature","geometry":{"type":"Point","coordinates":[298669.602,5054143.067]},"properties":{"POTEAU_ID_POT":125952,"DATE_CONCEPTION_POT":null,"DESCRIPTION_REP":"Enlevé","DESCRIPTION_RTP":"4- Poteau en bois","X":298669.602,"Y":5054143.067,"ID_ARRONDISSEMENT":"9","TRC_ID":1624605}}
,{"type":"Feature","geometry":{"type":"Point","coordinates":[298678.452,5054149.188]},"properties":{"POTEAU_ID_POT":125953,"DATE_CONCEPTION_POT":20010613000000,"DESCRIPTION_REP":"Réel","DESCRIPTION_RTP":"3- Fût","X":298678.452,"Y":5054149.188,"ID_ARRONDISSEMENT":"9","TRC_ID":1624605}}
,{"type":"Feature","geometry":{"type":"Point","coordinates":[298694.355,5054166.969]},"properties":{"POTEAU_ID_POT":125954,"DATE_CONCEPTION_POT":20010613000000,"DESCRIPTION_REP":"Réel","DESCRIPTION_RTP":"4- Poteau en bois","X":298694.355,"Y":5054166.969,"ID_ARRONDISSEMENT":"9","TRC_ID":1624605}}
,{"type":"Feature","geometry":{"type":"Point","coordinates":[298714.192,5054185.151]},"properties":{"POTEAU_ID_POT":125955,"DATE_CONCEPTION_POT":20010613000000,"DESCRIPTION_REP":"Réel","DESCRIPTION_RTP":"4- Poteau en bois","X":298714.192,"Y":5054185.151,"ID_ARRONDISSEMENT":"9","TRC_ID":1624605}}
,{"type":"Feature","geometry":{"type":"Point","coordinates":[298758.774,5054249.647]},"properties":{"POTEAU_ID_POT":125959,"DATE_CONCEPTION_POT":20010613000000,"DESCRIPTION_REP":"Réel","DESCRIPTION_RTP":"10- Fût et feux","X":298758.774,"Y":5054249.647,"ID_ARRONDISSEMENT":"9","TRC_ID":1624603}}
,{"type":"Feature","geometry":{"type":"Point","coordinates":[298742.204,5054213.354]},"properties":{"POTEAU_ID_POT":125967,"DATE_CONCEPTION_POT":20010613000000,"DESCRIPTION_REP":"Réel","DESCRIPTION_RTP":"1- Tige et base","X":298742.204,"Y":5054213.354,"ID_ARRONDISSEMENT":"9","TRC_ID":1624605}}
,{"type":"Feature","geometry":{"type":"Point","coordinates":[298956.148,5054441.656]},"properties":{"POTEAU_ID_POT":125982,"DATE_CONCEPTION_POT":20010613000000,"DESCRIPTION_REP":"Réel","DESCRIPTION_RTP":"3- Fût","X":298956.148,"Y":5054441.656,"ID_ARRONDISSEMENT":"9","TRC_ID":1624611}}
,{"type":"Feature","geometry":{"type":"Point","coordinates":[298987.5,5054472.069]},"properties":{"POTEAU_ID_POT":125983,"DATE_CONCEPTION_POT":20010613000000,"DESCRIPTION_REP":"Réel","DESCRIPTION_RTP":"3- Fût","X":298987.5,"Y":5054472.069,"ID_ARRONDISSEMENT":"9","TRC_ID":1624611}}
,{"type":"Feature","geometry":{"type":"Point","coordinates":[299005.548,5054469.359]},"properties":{"POTEAU_ID_POT":126004,"DATE_CONCEPTION_POT":20010613000000,"DESCRIPTION_REP":"Réel","DESCRIPTION_RTP":"1- Tige et base","X":299005.548,"Y":5054469.359,"ID_ARRONDISSEMENT":"9","TRC_ID":1624609}}
,{"type":"Feature","geometry":{"type":"Point","coordinates":[299037.914,5054500.802]},"properties":{"POTEAU_ID_POT":126017,"DATE_CONCEPTION_POT":null,"DESCRIPTION_REP":"Enlevé","DESCRIPTION_RTP":"4- Poteau en bois","X":299037.914,"Y":5054500.802,"ID_ARRONDISSEMENT":"9","TRC_ID":1624609}}
,{"type":"Feature","geometry":{"type":"Point","coordinates":[299073.242,5054553.687]},"properties":{"POTEAU_ID_POT":126023,"DATE_CONCEPTION_POT":20010613000000,"DESCRIPTION_REP":"Réel","DESCRIPTION_RTP":"2- Tige et manchon","X":299073.242,"Y":5054553.687,"ID_ARRONDISSEMENT":"9","TRC_ID":1624612}}
,{"type":"Feature","geometry":{"type":"Point","coordinates":[299075.997,5054556.297]},"properties":{"POTEAU_ID_POT":126027,"DATE_CONCEPTION_POT":20010613000000,"DESCRIPTION_REP":"Réel","DESCRIPTION_RTP":"3- Fût","X":299075.997,"Y":5054556.297,"ID_ARRONDISSEMENT":"9","TRC_ID":1624612}}
,{"type":"Feature","geometry":{"type":"Point","coordinates":[299172.362,5054625.824]},"properties":{"POTEAU_ID_POT":126040,"DATE_CONCEPTION_POT":null,"DESCRIPTION_REP":"Enlevé","DESCRIPTION_RTP":"4- Poteau en bois","X":299172.362,"Y":5054625.824,"ID_ARRONDISSEMENT":"9","TRC_ID":4009201}}
,{"type":"Feature","geometry":{"type":"Point","coordinates":[299179.694,5054632.894]},"properties":{"POTEAU_ID_POT":126041,"DATE_CONCEPTION_POT":20010613000000,"DESCRIPTION_REP":"Réel","DESCRIPTION_RTP":"1- Tige et base","X":299179.694,"Y":5054632.894,"ID_ARRONDISSEMENT":"9","TRC_ID":4009201}}
,{"type":"Feature","geometry":{"type":"Point","coordinates":[299244.922,5054693.65]},"properties":{"POTEAU_ID_POT":126048,"DATE_CONCEPTION_POT":null,"DESCRIPTION_REP":"Enlevé","DESCRIPTION_RTP":"4- Poteau en bois","X":299244.922,"Y":5054693.65,"ID_ARRONDISSEMENT":"9","TRC_ID":4009201}}
,{"type":"Feature","geometry":{"type":"Point","coordinates":[299273.709,5054740.425]},"properties":{"POTEAU_ID_POT":126050,"DATE_CONCEPTION_POT":20010613000000,"DESCRIPTION_REP":"Réel","DESCRIPTION_RTP":"3- Fût","X":299273.709,"Y":5054740.425,"ID_ARRONDISSEMENT":"9","TRC_ID":4009199}}
,{"type":"Feature","geometry":{"type":"Point","coordinates":[299306.545,5054771.178]},"properties":{"POTEAU_ID_POT":126053,"DATE_CONCEPTION_POT":20010613000000,"DESCRIPTION_REP":"Réel","DESCRIPTION_RTP":"3- Fût","X":299306.545,"Y":5054771.178,"ID_ARRONDISSEMENT":"9","TRC_ID":4009199}}
,{"type":"Feature","geometry":{"type":"Point","coordinates":[299340.058,5054802.311]},"properties":{"POTEAU_ID_POT":126054,"DATE_CONCEPTION_POT":20010613000000,"DESCRIPTION_REP":"Réel","DESCRIPTION_RTP":"3- Fût","X":299340.058,"Y":5054802.311,"ID_ARRONDISSEMENT":"9","TRC_ID":4009199}}
,{"type":"Feature","geometry":{"type":"Point","coordinates":[299321.417,5054764.857]},"properties":{"POTEAU_ID_POT":126066,"DATE_CONCEPTION_POT":20010613000000,"DESCRIPTION_REP":"Réel","DESCRIPTION_RTP":"1- Tige et base","X":299321.417,"Y":5054764.857,"ID_ARRONDISSEMENT":"9","TRC_ID":4009201}}
,{"type":"Feature","geometry":{"type":"Point","coordinates":[299251.892,5054700.261]},"properties":{"POTEAU_ID_POT":126067,"DATE_CONCEPTION_POT":20010613000000,"DESCRIPTION_REP":"Réel","DESCRIPTION_RTP":"1- Tige et base","X":299251.892,"Y":5054700.261,"ID_ARRONDISSEMENT":"9","TRC_ID":4009201}}
,{"type":"Feature","geometry":{"type":"Point","coordinates":[299435.945,5054872.008]},"properties":{"POTEAU_ID_POT":126087,"DATE_CONCEPTION_POT":null,"DESCRIPTION_REP":"Enlevé","DESCRIPTION_RTP":"4- Poteau en bois","X":299435.945,"Y":5054872.008,"ID_ARRONDISSEMENT":"9","TRC_ID":4009202}}
,{"type":"Feature","geometry":{"type":"Point","coordinates":[299481.278,5054914.301]},"properties":{"POTEAU_ID_POT":126088,"DATE_CONCEPTION_POT":20010613000000,"DESCRIPTION_REP":"Réel","DESCRIPTION_RTP":"1- Tige et base","X":299481.278,"Y":5054914.301,"ID_ARRONDISSEMENT":"9","TRC_ID":4009202}}
,{"type":"Feature","geometry":{"type":"Point","coordinates":[298455.031,5053953]},"properties":{"POTEAU_ID_POT":125911,"DATE_CONCEPTION_POT":20081202000000,"DESCRIPTION_REP":"Réel","DESCRIPTION_RTP":"3- Fût","X":298455.031,"Y":5053953,"ID_ARRONDISSEMENT":"9","TRC_ID":1624602}}
,{"type":"Feature","geometry":{"type":"Point","coordinates":[298453.344,5053925]},"properties":{"POTEAU_ID_POT":125909,"DATE_CONCEPTION_POT":20081202000000,"DESCRIPTION_REP":"Réel","DESCRIPTION_RTP":"10- Fût et feux","X":298453.344,"Y":5053925,"ID_ARRONDISSEMENT":"9","TRC_ID":null}}
,{"type":"Feature","geometry":{"type":"Point","coordinates":[298800.833,5054255.748]},"properties":{"POTEAU_ID_POT":144974,"DATE_CONCEPTION_POT":null,"DESCRIPTION_REP":"Réel","DESCRIPTION_RTP":"3- Fût","X":298800.833,"Y":5054255.748,"ID_ARRONDISSEMENT":"9","TRC_ID":1625466}}
,{"type":"Feature","geometry":{"type":"Point","coordinates":[298837.554,5054235.876]},"properties":{"POTEAU_ID_POT":144975,"DATE_CONCEPTION_POT":20011128000000,"DESCRIPTION_REP":"Réel","DESCRIPTION_RTP":"10- Fût et feux","X":298837.554,"Y":5054235.876,"ID_ARRONDISSEMENT":"9","TRC_ID":1625466}}
,{"type":"Feature","geometry":{"type":"Point","coordinates":[297588.75,5053090.5]},"properties":{"POTEAU_ID_POT":215850,"DATE_CONCEPTION_POT":20110121000000,"DESCRIPTION_REP":"Réel","DESCRIPTION_RTP":"1- Tige et base","X":297588.75,"Y":5053090.5,"ID_ARRONDISSEMENT":"9","TRC_ID":1624592}}
,{"type":"Feature","geometry":{"type":"Point","coordinates":[297488.628,5052985.497]},"properties":{"POTEAU_ID_POT":215849,"DATE_CONCEPTION_POT":20110121000000,"DESCRIPTION_REP":"Réel","DESCRIPTION_RTP":"1- Tige et base","X":297488.628,"Y":5052985.497,"ID_ARRONDISSEMENT":"9","TRC_ID":4010897}}
,{"type":"Feature","geometry":{"type":"Point","coordinates":[297498.344,5052995]},"properties":{"POTEAU_ID_POT":215847,"DATE_CONCEPTION_POT":20110121000000,"DESCRIPTION_REP":"Réel","DESCRIPTION_RTP":"2- Tige et manchon","X":297498.344,"Y":5052995,"ID_ARRONDISSEMENT":"9","TRC_ID":4010897}}
,{"type":"Feature","geometry":{"type":"Point","coordinates":[297570.043,5053073.414]},"properties":{"POTEAU_ID_POT":125736,"DATE_CONCEPTION_POT":null,"DESCRIPTION_REP":"Enlevé","DESCRIPTION_RTP":"4- Poteau en bois","X":297570.043,"Y":5053073.414,"ID_ARRONDISSEMENT":"9","TRC_ID":1624592}}
,{"type":"Feature","geometry":{"type":"Point","coordinates":[297814.028,5053331.039]},"properties":{"POTEAU_ID_POT":125767,"DATE_CONCEPTION_POT":20010613000000,"DESCRIPTION_REP":"Réel","DESCRIPTION_RTP":"3- Fût","X":297814.028,"Y":5053331.039,"ID_ARRONDISSEMENT":"9","TRC_ID":1624594}}
,{"type":"Feature","geometry":{"type":"Point","coordinates":[297891.29,5053384.644]},"properties":{"POTEAU_ID_POT":125809,"DATE_CONCEPTION_POT":20010613000000,"DESCRIPTION_REP":"Réel","DESCRIPTION_RTP":"1- Tige et base","X":297891.29,"Y":5053384.644,"ID_ARRONDISSEMENT":"9","TRC_ID":1624596}}
,{"type":"Feature","geometry":{"type":"Point","coordinates":[298049.097,5053539.609]},"properties":{"POTEAU_ID_POT":125858,"DATE_CONCEPTION_POT":null,"DESCRIPTION_REP":"Enlevé","DESCRIPTION_RTP":"4- Poteau en bois","X":298049.097,"Y":5053539.609,"ID_ARRONDISSEMENT":"9","TRC_ID":1624600}}
,{"type":"Feature","geometry":{"type":"Point","coordinates":[298485.813,5053962.75]},"properties":{"POTEAU_ID_POT":125928,"DATE_CONCEPTION_POT":null,"DESCRIPTION_REP":"Enlevé","DESCRIPTION_RTP":"4- Poteau en bois","X":298485.813,"Y":5053962.75,"ID_ARRONDISSEMENT":"9","TRC_ID":1624604}}
,{"type":"Feature","geometry":{"type":"Point","coordinates":[298607.987,5054082.601]},"properties":{"POTEAU_ID_POT":125936,"DATE_CONCEPTION_POT":null,"DESCRIPTION_REP":"Enlevé","DESCRIPTION_RTP":"4- Poteau en bois","X":298607.987,"Y":5054082.601,"ID_ARRONDISSEMENT":"9","TRC_ID":1624604}}
,{"type":"Feature","geometry":{"type":"Point","coordinates":[298697.555,5054190.072]},"properties":{"POTEAU_ID_POT":125948,"DATE_CONCEPTION_POT":20010613000000,"DESCRIPTION_REP":"Réel","DESCRIPTION_RTP":"3- Fût","X":298697.555,"Y":5054190.072,"ID_ARRONDISSEMENT":"9","TRC_ID":1624603}}
,{"type":"Feature","geometry":{"type":"Point","coordinates":[298972.117,5054435.005]},"properties":{"POTEAU_ID_POT":126005,"DATE_CONCEPTION_POT":null,"DESCRIPTION_REP":"Enlevé","DESCRIPTION_RTP":"4- Poteau en bois","X":298972.117,"Y":5054435.005,"ID_ARRONDISSEMENT":"9","TRC_ID":1624609}}
,{"type":"Feature","geometry":{"type":"Point","coordinates":[299033.559,5054496.541]},"properties":{"POTEAU_ID_POT":126018,"DATE_CONCEPTION_POT":20010613000000,"DESCRIPTION_REP":"Réel","DESCRIPTION_RTP":"1- Tige et base","X":299033.559,"Y":5054496.541,"ID_ARRONDISSEMENT":"9","TRC_ID":1624609}}
,{"type":"Feature","geometry":{"type":"Point","coordinates":[299123.853,5054580.82]},"properties":{"POTEAU_ID_POT":126036,"DATE_CONCEPTION_POT":null,"DESCRIPTION_REP":"Enlevé","DESCRIPTION_RTP":"4- Poteau en bois","X":299123.853,"Y":5054580.82,"ID_ARRONDISSEMENT":"9","TRC_ID":1624610}}
,{"type":"Feature","geometry":{"type":"Point","coordinates":[297937.47,5053420]},"properties":{"POTEAU_ID_POT":125800,"DATE_CONCEPTION_POT":20071114000000,"DESCRIPTION_REP":"Réel","DESCRIPTION_RTP":"10- Fût et feux","X":297937.47,"Y":5053420,"ID_ARRONDISSEMENT":"9","TRC_ID":1612997}}
,{"type":"Feature","geometry":{"type":"Point","coordinates":[297668.344,5053187.5]},"properties":{"POTEAU_ID_POT":125795,"DATE_CONCEPTION_POT":20100728000000,"DESCRIPTION_REP":"Réel","DESCRIPTION_RTP":"2- Tige et manchon","X":297668.344,"Y":5053187.5,"ID_ARRONDISSEMENT":"9","TRC_ID":1624591}}
,{"type":"Feature","geometry":{"type":"Point","coordinates":[297943.618,5053435.239]},"properties":{"POTEAU_ID_POT":125825,"DATE_CONCEPTION_POT":20080304000000,"DESCRIPTION_REP":"Archive","DESCRIPTION_RTP":"10- Fût et feux","X":297943.618,"Y":5053435.239,"ID_ARRONDISSEMENT":"9","TRC_ID":1624597}}
,{"type":"Feature","geometry":{"type":"Point","coordinates":[298015.65,5053506.986]},"properties":{"POTEAU_ID_POT":125833,"DATE_CONCEPTION_POT":20080304000000,"DESCRIPTION_REP":"Archive","DESCRIPTION_RTP":"1- Tige et base","X":298015.65,"Y":5053506.986,"ID_ARRONDISSEMENT":"9","TRC_ID":1624597}}
,{"type":"Feature","geometry":{"type":"Point","coordinates":[297155.84,5052695]},"properties":{"POTEAU_ID_POT":171964,"DATE_CONCEPTION_POT":20080305000000,"DESCRIPTION_REP":"Réel","DESCRIPTION_RTP":"4- Poteau en bois","X":297155.84,"Y":5052695,"ID_ARRONDISSEMENT":"9","TRC_ID":4001597}}
,{"type":"Feature","geometry":{"type":"Point","coordinates":[297089.28,5052670.5]},"properties":{"POTEAU_ID_POT":171962,"DATE_CONCEPTION_POT":20080305000000,"DESCRIPTION_REP":"Réel","DESCRIPTION_RTP":"3- Fût","X":297089.28,"Y":5052670.5,"ID_ARRONDISSEMENT":"9","TRC_ID":1624588}}
,{"type":"Feature","geometry":{"type":"Point","coordinates":[297086.47,5052669]},"properties":{"POTEAU_ID_POT":164738,"DATE_CONCEPTION_POT":20080305000000,"DESCRIPTION_REP":"Réel","DESCRIPTION_RTP":"10- Fût et feux","X":297086.47,"Y":5052669,"ID_ARRONDISSEMENT":"9","TRC_ID":1624588}}
,{"type":"Feature","geometry":{"type":"Point","coordinates":[297088.12,5052654.5]},"properties":{"POTEAU_ID_POT":164729,"DATE_CONCEPTION_POT":20080305000000,"DESCRIPTION_REP":"Réel","DESCRIPTION_RTP":"10- Fût et feux","X":297088.12,"Y":5052654.5,"ID_ARRONDISSEMENT":"9","TRC_ID":1624585}}
,{"type":"Feature","geometry":{"type":"Point","coordinates":[297088.94,5052651.5]},"properties":{"POTEAU_ID_POT":164728,"DATE_CONCEPTION_POT":20080305000000,"DESCRIPTION_REP":"Réel","DESCRIPTION_RTP":"2- Tige et manchon","X":297088.94,"Y":5052651.5,"ID_ARRONDISSEMENT":"9","TRC_ID":1624585}}
,{"type":"Feature","geometry":{"type":"Point","coordinates":[297091.2,5052655]},"properties":{"POTEAU_ID_POT":164727,"DATE_CONCEPTION_POT":20080305000000,"DESCRIPTION_REP":"Réel","DESCRIPTION_RTP":"2- Tige et manchon","X":297091.2,"Y":5052655,"ID_ARRONDISSEMENT":"9","TRC_ID":4001307}}
,{"type":"Feature","geometry":{"type":"Point","coordinates":[297070.03,5052634.5]},"properties":{"POTEAU_ID_POT":164734,"DATE_CONCEPTION_POT":20080305000000,"DESCRIPTION_REP":"Réel","DESCRIPTION_RTP":"10- Fût et feux","X":297070.03,"Y":5052634.5,"ID_ARRONDISSEMENT":"9","TRC_ID":1624586}}
,{"type":"Feature","geometry":{"type":"Point","coordinates":[297062.06,5052630]},"properties":{"POTEAU_ID_POT":171963,"DATE_CONCEPTION_POT":20080305000000,"DESCRIPTION_REP":"Réel","DESCRIPTION_RTP":"1- Tige et base","X":297062.06,"Y":5052630,"ID_ARRONDISSEMENT":"9","TRC_ID":4001305}}
,{"type":"Feature","geometry":{"type":"Point","coordinates":[297062.84,5052618.5]},"properties":{"POTEAU_ID_POT":164735,"DATE_CONCEPTION_POT":20080305000000,"DESCRIPTION_REP":"Réel","DESCRIPTION_RTP":"3- Fût","X":297062.84,"Y":5052618.5,"ID_ARRONDISSEMENT":"9","TRC_ID":4001305}}
,{"type":"Feature","geometry":{"type":"Point","coordinates":[297054.47,5052632.5]},"properties":{"POTEAU_ID_POT":164737,"DATE_CONCEPTION_POT":20080305000000,"DESCRIPTION_REP":"Réel","DESCRIPTION_RTP":"2- Tige et manchon","X":297054.47,"Y":5052632.5,"ID_ARRONDISSEMENT":"9","TRC_ID":4001305}}
,{"type":"Feature","geometry":{"type":"Point","coordinates":[297266.926,5052804.698]},"properties":{"POTEAU_ID_POT":125680,"DATE_CONCEPTION_POT":20080305000000,"DESCRIPTION_REP":"Réel","DESCRIPTION_RTP":"3- Fût","X":297266.926,"Y":5052804.698,"ID_ARRONDISSEMENT":"9","TRC_ID":1624588}}
,{"type":"Feature","geometry":{"type":"Point","coordinates":[297292.97,5052805]},"properties":{"POTEAU_ID_POT":171967,"DATE_CONCEPTION_POT":20080305000000,"DESCRIPTION_REP":"Réel","DESCRIPTION_RTP":"1- Tige et base","X":297292.97,"Y":5052805,"ID_ARRONDISSEMENT":"9","TRC_ID":4001597}}
,{"type":"Feature","geometry":{"type":"Point","coordinates":[297297.42,5052833.001]},"properties":{"POTEAU_ID_POT":125674,"DATE_CONCEPTION_POT":20080305000000,"DESCRIPTION_REP":"Réel","DESCRIPTION_RTP":"3- Fût","X":297297.42,"Y":5052833.001,"ID_ARRONDISSEMENT":"9","TRC_ID":1625508}}
,{"type":"Feature","geometry":{"type":"Point","coordinates":[297340.822,5052850.332]},"properties":{"POTEAU_ID_POT":125672,"DATE_CONCEPTION_POT":20080305000000,"DESCRIPTION_REP":"Réel","DESCRIPTION_RTP":"4- Poteau en bois","X":297340.822,"Y":5052850.332,"ID_ARRONDISSEMENT":"9","TRC_ID":null}}
,{"type":"Feature","geometry":{"type":"Point","coordinates":[297327.411,5052860.223]},"properties":{"POTEAU_ID_POT":125671,"DATE_CONCEPTION_POT":20080305000000,"DESCRIPTION_REP":"Réel","DESCRIPTION_RTP":"3- Fût","X":297327.411,"Y":5052860.223,"ID_ARRONDISSEMENT":"9","TRC_ID":1625508}}
,{"type":"Feature","geometry":{"type":"Point","coordinates":[297384.28,5052888.5]},"properties":{"POTEAU_ID_POT":125659,"DATE_CONCEPTION_POT":20080305000000,"DESCRIPTION_REP":"Réel","DESCRIPTION_RTP":"1- Tige et base","X":297384.28,"Y":5052888.5,"ID_ARRONDISSEMENT":"9","TRC_ID":4010929}}
,{"type":"Feature","geometry":{"type":"Point","coordinates":[297984.505,5053496.735]},"properties":{"POTEAU_ID_POT":125831,"DATE_CONCEPTION_POT":20080312000000,"DESCRIPTION_REP":"Réel","DESCRIPTION_RTP":"2- Tige et manchon","X":297984.505,"Y":5053496.735,"ID_ARRONDISSEMENT":"9","TRC_ID":1624595}}
,{"type":"Feature","geometry":{"type":"Point","coordinates":[296927.994,5052569.105]},"properties":{"POTEAU_ID_POT":125697,"DATE_CONCEPTION_POT":20080327000000,"DESCRIPTION_REP":"Réel","DESCRIPTION_RTP":"1- Tige et base","X":296927.994,"Y":5052569.105,"ID_ARRONDISSEMENT":"9","TRC_ID":4009291}}
,{"type":"Feature","geometry":{"type":"Point","coordinates":[297190.373,5052725.05]},"properties":{"POTEAU_ID_POT":125685,"DATE_CONCEPTION_POT":20080327000000,"DESCRIPTION_REP":"Réel","DESCRIPTION_RTP":"1- Tige et base","X":297190.373,"Y":5052725.05,"ID_ARRONDISSEMENT":"9","TRC_ID":4001597}}
,{"type":"Feature","geometry":{"type":"Point","coordinates":[297267.8,5052786.596]},"properties":{"POTEAU_ID_POT":125683,"DATE_CONCEPTION_POT":20080327000000,"DESCRIPTION_REP":"Réel","DESCRIPTION_RTP":"1- Tige et base","X":297267.8,"Y":5052786.596,"ID_ARRONDISSEMENT":"9","TRC_ID":4001597}}
,{"type":"Feature","geometry":{"type":"Point","coordinates":[297364.561,5052863.624]},"properties":{"POTEAU_ID_POT":125016,"DATE_CONCEPTION_POT":20080305000000,"DESCRIPTION_REP":"Réel","DESCRIPTION_RTP":"3- Fût","X":297364.561,"Y":5052863.624,"ID_ARRONDISSEMENT":"9","TRC_ID":4010931}}
,{"type":"Feature","geometry":{"type":"Point","coordinates":[297349.318,5052842.781]},"properties":{"POTEAU_ID_POT":125023,"DATE_CONCEPTION_POT":20080305000000,"DESCRIPTION_REP":"Réel","DESCRIPTION_RTP":"1- Tige et base","X":297349.318,"Y":5052842.781,"ID_ARRONDISSEMENT":"9","TRC_ID":4010902}}
,{"type":"Feature","geometry":{"type":"Point","coordinates":[297055.7,5052652.5]},"properties":{"POTEAU_ID_POT":164725,"DATE_CONCEPTION_POT":20080305000000,"DESCRIPTION_REP":"Réel","DESCRIPTION_RTP":"10- Fût et feux","X":297055.7,"Y":5052652.5,"ID_ARRONDISSEMENT":"9","TRC_ID":1470260}}
,{"type":"Feature","geometry":{"type":"Point","coordinates":[297082.28,5052645.5]},"properties":{"POTEAU_ID_POT":164726,"DATE_CONCEPTION_POT":20080305000000,"DESCRIPTION_REP":"Réel","DESCRIPTION_RTP":"10- Fût et feux","X":297082.28,"Y":5052645.5,"ID_ARRONDISSEMENT":"9","TRC_ID":1624585}}
,{"type":"Feature","geometry":{"type":"Point","coordinates":[297052.03,5052618]},"properties":{"POTEAU_ID_POT":164733,"DATE_CONCEPTION_POT":20080305000000,"DESCRIPTION_REP":"Réel","DESCRIPTION_RTP":"4- Poteau en bois","X":297052.03,"Y":5052618,"ID_ARRONDISSEMENT":"9","TRC_ID":4001305}}
,{"type":"Feature","geometry":{"type":"Point","coordinates":[297146.84,5052710.5]},"properties":{"POTEAU_ID_POT":171965,"DATE_CONCEPTION_POT":20080305000000,"DESCRIPTION_REP":"Réel","DESCRIPTION_RTP":"3- Fût","X":297146.84,"Y":5052710.5,"ID_ARRONDISSEMENT":"9","TRC_ID":1624588}}
,{"type":"Feature","geometry":{"type":"Point","coordinates":[297182.9,5052738.5]},"properties":{"POTEAU_ID_POT":171966,"DATE_CONCEPTION_POT":20080305000000,"DESCRIPTION_REP":"Réel","DESCRIPTION_RTP":"1- Tige et base","X":297182.9,"Y":5052738.5,"ID_ARRONDISSEMENT":"9","TRC_ID":1624588}}
,{"type":"Feature","geometry":{"type":"Point","coordinates":[297654.869,5053154.872]},"properties":{"POTEAU_ID_POT":125751,"DATE_CONCEPTION_POT":20010613000000,"DESCRIPTION_REP":"Réel","DESCRIPTION_RTP":"1- Tige et base","X":297654.869,"Y":5053154.872,"ID_ARRONDISSEMENT":"9","TRC_ID":1624593}}
,{"type":"Feature","geometry":{"type":"Point","coordinates":[297814.482,5053311.547]},"properties":{"POTEAU_ID_POT":125770,"DATE_CONCEPTION_POT":20010613000000,"DESCRIPTION_REP":"Réel","DESCRIPTION_RTP":"1- Tige et base","X":297814.482,"Y":5053311.547,"ID_ARRONDISSEMENT":"9","TRC_ID":1624596}}
,{"type":"Feature","geometry":{"type":"Point","coordinates":[297989.8,5053481.923]},"properties":{"POTEAU_ID_POT":125832,"DATE_CONCEPTION_POT":null,"DESCRIPTION_REP":"Enlevé","DESCRIPTION_RTP":"4- Poteau en bois","X":297989.8,"Y":5053481.923,"ID_ARRONDISSEMENT":"9","TRC_ID":1624597}}
,{"type":"Feature","geometry":{"type":"Point","coordinates":[298479.734,5053976.321]},"properties":{"POTEAU_ID_POT":125916,"DATE_CONCEPTION_POT":20010613000000,"DESCRIPTION_REP":"Réel","DESCRIPTION_RTP":"2- Tige et manchon","X":298479.734,"Y":5053976.321,"ID_ARRONDISSEMENT":"9","TRC_ID":1624604}}
,{"type":"Feature","geometry":{"type":"Point","coordinates":[298905.331,5054369.929]},"properties":{"POTEAU_ID_POT":125998,"DATE_CONCEPTION_POT":null,"DESCRIPTION_REP":"Enlevé","DESCRIPTION_RTP":"4- Poteau en bois","X":298905.331,"Y":5054369.929,"ID_ARRONDISSEMENT":"9","TRC_ID":1624607}}
,{"type":"Feature","geometry":{"type":"Point","coordinates":[299009.424,5054472.879]},"properties":{"POTEAU_ID_POT":126003,"DATE_CONCEPTION_POT":null,"DESCRIPTION_REP":"Enlevé","DESCRIPTION_RTP":"4- Poteau en bois","X":299009.424,"Y":5054472.879,"ID_ARRONDISSEMENT":"9","TRC_ID":1624609}}
,{"type":"Feature","geometry":{"type":"Point","coordinates":[298935,5054400]},"properties":{"POTEAU_ID_POT":125996,"DATE_CONCEPTION_POT":20110119000000,"DESCRIPTION_REP":"Réel","DESCRIPTION_RTP":"1- Tige et base","X":298935,"Y":5054400,"ID_ARRONDISSEMENT":"9","TRC_ID":1624607}}
,{"type":"Feature","geometry":{"type":"Point","coordinates":[297025.052,5052609.089]},"properties":{"POTEAU_ID_POT":125691,"DATE_CONCEPTION_POT":20080410000000,"DESCRIPTION_REP":"Réel","DESCRIPTION_RTP":"1- Tige et base","X":297025.052,"Y":5052609.089,"ID_ARRONDISSEMENT":"9","TRC_ID":4009291}}
,{"type":"Feature","geometry":{"type":"Point","coordinates":[297382.839,5052909.678]},"properties":{"POTEAU_ID_POT":125660,"DATE_CONCEPTION_POT":20080411000000,"DESCRIPTION_REP":"Réel","DESCRIPTION_RTP":"3- Fût","X":297382.839,"Y":5052909.678,"ID_ARRONDISSEMENT":"9","TRC_ID":1625474}}
,{"type":"Feature","geometry":{"type":"Point","coordinates":[297362.88,5052890.5]},"properties":{"POTEAU_ID_POT":125670,"DATE_CONCEPTION_POT":20080411000000,"DESCRIPTION_REP":"Réel","DESCRIPTION_RTP":"3- Fût","X":297362.88,"Y":5052890.5,"ID_ARRONDISSEMENT":"9","TRC_ID":1625474}}
,{"type":"Feature","geometry":{"type":"Point","coordinates":[297694.62,5053214]},"properties":{"POTEAU_ID_POT":172181,"DATE_CONCEPTION_POT":20080411000000,"DESCRIPTION_REP":"Réel","DESCRIPTION_RTP":"1- Tige et base","X":297694.62,"Y":5053214,"ID_ARRONDISSEMENT":"9","TRC_ID":1624591}}
,{"type":"Feature","geometry":{"type":"Point","coordinates":[297681.56,5053200.466]},"properties":{"POTEAU_ID_POT":125794,"DATE_CONCEPTION_POT":20080411000000,"DESCRIPTION_REP":"Réel","DESCRIPTION_RTP":"2- Tige et manchon","X":297681.56,"Y":5053200.466,"ID_ARRONDISSEMENT":"9","TRC_ID":1624591}}
,{"type":"Feature","geometry":{"type":"Point","coordinates":[297647.891,5053167.533]},"properties":{"POTEAU_ID_POT":125745,"DATE_CONCEPTION_POT":20080411000000,"DESCRIPTION_REP":"Réel","DESCRIPTION_RTP":"3- Fût","X":297647.891,"Y":5053167.533,"ID_ARRONDISSEMENT":"9","TRC_ID":1624591}}
,{"type":"Feature","geometry":{"type":"Point","coordinates":[297638.587,5053158.472]},"properties":{"POTEAU_ID_POT":125743,"DATE_CONCEPTION_POT":20080411000000,"DESCRIPTION_REP":"Réel","DESCRIPTION_RTP":"2- Tige et manchon","X":297638.587,"Y":5053158.472,"ID_ARRONDISSEMENT":"9","TRC_ID":1624591}}
,{"type":"Feature","geometry":{"type":"Point","coordinates":[297488.583,5053014.348]},"properties":{"POTEAU_ID_POT":125712,"DATE_CONCEPTION_POT":20080411000000,"DESCRIPTION_REP":"Réel","DESCRIPTION_RTP":"10- Fût et feux","X":297488.583,"Y":5053014.348,"ID_ARRONDISSEMENT":"9","TRC_ID":1624592}}
,{"type":"Feature","geometry":{"type":"Point","coordinates":[297625.875,5053146]},"properties":{"POTEAU_ID_POT":125747,"DATE_CONCEPTION_POT":20090223000000,"DESCRIPTION_REP":"Réel","DESCRIPTION_RTP":"3- Fût","X":297625.875,"Y":5053146,"ID_ARRONDISSEMENT":"9","TRC_ID":1624593}}
,{"type":"Feature","geometry":{"type":"Point","coordinates":[297634.906,5053138]},"properties":{"POTEAU_ID_POT":181129,"DATE_CONCEPTION_POT":20090223000000,"DESCRIPTION_REP":"Réel","DESCRIPTION_RTP":"10- Fût et feux","X":297634.906,"Y":5053138,"ID_ARRONDISSEMENT":"9","TRC_ID":1624593}}
,{"type":"Feature","geometry":{"type":"Point","coordinates":[300118.319,5051716.045]},"properties":{"POTEAU_ID_POT":181193,"DATE_CONCEPTION_POT":20090302000000,"DESCRIPTION_REP":"Réel","DESCRIPTION_RTP":"3- Fût","X":300118.319,"Y":5051716.045,"ID_ARRONDISSEMENT":"9","TRC_ID":1613503}}
,{"type":"Feature","geometry":{"type":"Point","coordinates":[297021.56,5052626.5]},"properties":{"POTEAU_ID_POT":164732,"DATE_CONCEPTION_POT":20070214000000,"DESCRIPTION_REP":"Réel","DESCRIPTION_RTP":"3- Fût","X":297021.56,"Y":5052626.5,"ID_ARRONDISSEMENT":"9","TRC_ID":null}}
,{"type":"Feature","geometry":{"type":"Point","coordinates":[298245.63,5053750.459]},"properties":{"POTEAU_ID_POT":125880,"DATE_CONCEPTION_POT":20070504000000,"DESCRIPTION_REP":"Réel","DESCRIPTION_RTP":"10- Fût et feux","X":298245.63,"Y":5053750.459,"ID_ARRONDISSEMENT":"9","TRC_ID":1624599}}
,{"type":"Feature","geometry":{"type":"Point","coordinates":[299163.445,5053069.717]},"properties":{"POTEAU_ID_POT":173284,"DATE_CONCEPTION_POT":20080603000000,"DESCRIPTION_REP":"Archive","DESCRIPTION_RTP":"2- Tige et manchon","X":299163.445,"Y":5053069.717,"ID_ARRONDISSEMENT":"9","TRC_ID":1613065}}
,{"type":"Feature","geometry":{"type":"Point","coordinates":[297825.892,5052102.073]},"properties":{"POTEAU_ID_POT":173324,"DATE_CONCEPTION_POT":20080606000000,"DESCRIPTION_REP":"Enlevé","DESCRIPTION_RTP":"1- Tige et base","X":297825.892,"Y":5052102.073,"ID_ARRONDISSEMENT":"9","TRC_ID":1613036}}
,{"type":"Feature","geometry":{"type":"Point","coordinates":[298667.719,5054141]},"properties":{"POTEAU_ID_POT":125951,"DATE_CONCEPTION_POT":20101118000000,"DESCRIPTION_REP":"En conception","DESCRIPTION_RTP":"1- Tige et base","X":298667.719,"Y":5054141,"ID_ARRONDISSEMENT":"9","TRC_ID":1624605}}
,{"type":"Feature","geometry":{"type":"Point","coordinates":[298726.219,5054218]},"properties":{"POTEAU_ID_POT":125961,"DATE_CONCEPTION_POT":20101118000000,"DESCRIPTION_REP":"Réel","DESCRIPTION_RTP":"3- Fût","X":298726.219,"Y":5054218,"ID_ARRONDISSEMENT":"9","TRC_ID":1624603}}
,{"type":"Feature","geometry":{"type":"Point","coordinates":[298530.25,5054007.5]},"properties":{"POTEAU_ID_POT":125925,"DATE_CONCEPTION_POT":20101118000000,"DESCRIPTION_REP":"Réel","DESCRIPTION_RTP":"1- Tige et base","X":298530.25,"Y":5054007.5,"ID_ARRONDISSEMENT":"9","TRC_ID":1624604}}
,{"type":"Feature","geometry":{"type":"Point","coordinates":[297748.047,5052163.359]},"properties":{"POTEAU_ID_POT":173643,"DATE_CONCEPTION_POT":20080707000000,"DESCRIPTION_REP":"Réel","DESCRIPTION_RTP":"3- Fût","X":297748.047,"Y":5052163.359,"ID_ARRONDISSEMENT":"9","TRC_ID":4001563}}
,{"type":"Feature","geometry":{"type":"Point","coordinates":[298773.531,5054241.867]},"properties":{"POTEAU_ID_POT":125971,"DATE_CONCEPTION_POT":20010613000000,"DESCRIPTION_REP":"Réel","DESCRIPTION_RTP":"10- Fût et feux","X":298773.531,"Y":5054241.867,"ID_ARRONDISSEMENT":"9","TRC_ID":1624605}}
,{"type":"Feature","geometry":{"type":"Point","coordinates":[298795.974,5054257.368]},"properties":{"POTEAU_ID_POT":125977,"DATE_CONCEPTION_POT":null,"DESCRIPTION_REP":"Réel","DESCRIPTION_RTP":"4- Poteau en bois","X":298795.974,"Y":5054257.368,"ID_ARRONDISSEMENT":"9","TRC_ID":1625466}}
,{"type":"Feature","geometry":{"type":"Point","coordinates":[297708.501,5052094.977]},"properties":{"POTEAU_ID_POT":173647,"DATE_CONCEPTION_POT":20080707000000,"DESCRIPTION_REP":"Réel","DESCRIPTION_RTP":"2- Tige et manchon","X":297708.501,"Y":5052094.977,"ID_ARRONDISSEMENT":"9","TRC_ID":4001563}}
,{"type":"Feature","geometry":{"type":"Point","coordinates":[297721.412,5052116.037]},"properties":{"POTEAU_ID_POT":173644,"DATE_CONCEPTION_POT":20080707000000,"DESCRIPTION_REP":"Réel","DESCRIPTION_RTP":"1- Tige et base","X":297721.412,"Y":5052116.037,"ID_ARRONDISSEMENT":"9","TRC_ID":4001563}}
,{"type":"Feature","geometry":{"type":"Point","coordinates":[297638.938,5052168.5]},"properties":{"POTEAU_ID_POT":173323,"DATE_CONCEPTION_POT":20080707000000,"DESCRIPTION_REP":"Réel","DESCRIPTION_RTP":"3- Fût","X":297638.938,"Y":5052168.5,"ID_ARRONDISSEMENT":"9","TRC_ID":4001566}}
,{"type":"Feature","geometry":{"type":"Point","coordinates":[298811.267,5054274.68]},"properties":{"POTEAU_ID_POT":125978,"DATE_CONCEPTION_POT":null,"DESCRIPTION_REP":"Réel","DESCRIPTION_RTP":"10- Fût et feux","X":298811.267,"Y":5054274.68,"ID_ARRONDISSEMENT":"9","TRC_ID":1625467}}
,{"type":"Feature","geometry":{"type":"Point","coordinates":[301141.162,5052346.227]},"properties":{"POTEAU_ID_POT":173979,"DATE_CONCEPTION_POT":20080714000000,"DESCRIPTION_REP":"Réel","DESCRIPTION_RTP":"3- Fût","X":301141.162,"Y":5052346.227,"ID_ARRONDISSEMENT":"9","TRC_ID":1614223}}
,{"type":"Feature","geometry":{"type":"Point","coordinates":[298953.872,5054439.456]},"properties":{"POTEAU_ID_POT":125981,"DATE_CONCEPTION_POT":20010613000000,"DESCRIPTION_REP":"Réel","DESCRIPTION_RTP":"2- Tige et manchon","X":298953.872,"Y":5054439.456,"ID_ARRONDISSEMENT":"9","TRC_ID":1624611}}
,{"type":"Feature","geometry":{"type":"Point","coordinates":[297716.755,5052108.442]},"properties":{"POTEAU_ID_POT":173646,"DATE_CONCEPTION_POT":20080707000000,"DESCRIPTION_REP":"Réel","DESCRIPTION_RTP":"3- Fût","X":297716.755,"Y":5052108.442,"ID_ARRONDISSEMENT":"9","TRC_ID":4001563}}
,{"type":"Feature","geometry":{"type":"Point","coordinates":[298927.222,5054392.781]},"properties":{"POTEAU_ID_POT":125997,"DATE_CONCEPTION_POT":null,"DESCRIPTION_REP":"Enlevé","DESCRIPTION_RTP":"4- Poteau en bois","X":298927.222,"Y":5054392.781,"ID_ARRONDISSEMENT":"9","TRC_ID":1624607}}
,{"type":"Feature","geometry":{"type":"Point","coordinates":[299079.436,5054539.506]},"properties":{"POTEAU_ID_POT":126022,"DATE_CONCEPTION_POT":null,"DESCRIPTION_REP":"Enlevé","DESCRIPTION_RTP":"4- Poteau en bois","X":299079.436,"Y":5054539.506,"ID_ARRONDISSEMENT":"9","TRC_ID":1624610}}
,{"type":"Feature","geometry":{"type":"Point","coordinates":[299107.134,5054565.248]},"properties":{"POTEAU_ID_POT":126035,"DATE_CONCEPTION_POT":20010613000000,"DESCRIPTION_REP":"Réel","DESCRIPTION_RTP":"1- Tige et base","X":299107.134,"Y":5054565.248,"ID_ARRONDISSEMENT":"9","TRC_ID":1624610}}
,{"type":"Feature","geometry":{"type":"Point","coordinates":[299375.031,5054835.134]},"properties":{"POTEAU_ID_POT":126055,"DATE_CONCEPTION_POT":20010613000000,"DESCRIPTION_REP":"Réel","DESCRIPTION_RTP":"3- Fût","X":299375.031,"Y":5054835.134,"ID_ARRONDISSEMENT":"9","TRC_ID":4009200}}
,{"type":"Feature","geometry":{"type":"Point","coordinates":[301812.566,5051440.426]},"properties":{"POTEAU_ID_POT":55352,"DATE_CONCEPTION_POT":19990914000000,"DESCRIPTION_REP":"Réel","DESCRIPTION_RTP":"1- Tige et base","X":301812.566,"Y":5051440.426,"ID_ARRONDISSEMENT":"9","TRC_ID":1625053}}
,{"type":"Feature","geometry":{"type":"Point","coordinates":[301131.733,5052328.202]},"properties":{"POTEAU_ID_POT":173980,"DATE_CONCEPTION_POT":20080714000000,"DESCRIPTION_REP":"Réel","DESCRIPTION_RTP":"2- Tige et manchon","X":301131.733,"Y":5052328.202,"ID_ARRONDISSEMENT":"9","TRC_ID":1614223}}
,{"type":"Feature","geometry":{"type":"Point","coordinates":[301126.602,5052332.024]},"properties":{"POTEAU_ID_POT":173981,"DATE_CONCEPTION_POT":20080714000000,"DESCRIPTION_REP":"Réel","DESCRIPTION_RTP":"4- Poteau en bois","X":301126.602,"Y":5052332.024,"ID_ARRONDISSEMENT":"9","TRC_ID":1614223}}
,{"type":"Feature","geometry":{"type":"Point","coordinates":[301051.413,5052378.907]},"properties":{"POTEAU_ID_POT":173982,"DATE_CONCEPTION_POT":20080714000000,"DESCRIPTION_REP":"Réel","DESCRIPTION_RTP":"4- Poteau en bois","X":301051.413,"Y":5052378.907,"ID_ARRONDISSEMENT":"9","TRC_ID":1614223}}
,{"type":"Feature","geometry":{"type":"Point","coordinates":[298863.688,5051213]},"properties":{"POTEAU_ID_POT":178164,"DATE_CONCEPTION_POT":20081110000000,"DESCRIPTION_REP":"Réel","DESCRIPTION_RTP":"1- Tige et base","X":298863.688,"Y":5051213,"ID_ARRONDISSEMENT":"9","TRC_ID":1612309}}
,{"type":"Feature","geometry":{"type":"Point","coordinates":[299314.142,5054757.967]},"properties":{"POTEAU_ID_POT":126063,"DATE_CONCEPTION_POT":null,"DESCRIPTION_REP":"Enlevé","DESCRIPTION_RTP":"4- Poteau en bois","X":299314.142,"Y":5054757.967,"ID_ARRONDISSEMENT":"9","TRC_ID":4009201}}
,{"type":"Feature","geometry":{"type":"Point","coordinates":[297453.969,5052960]},"properties":{"POTEAU_ID_POT":125668,"DATE_CONCEPTION_POT":20081112000000,"DESCRIPTION_REP":"Réel","DESCRIPTION_RTP":"1- Tige et base","X":297453.969,"Y":5052960,"ID_ARRONDISSEMENT":"9","TRC_ID":1625473}}
,{"type":"Feature","geometry":{"type":"Point","coordinates":[301095.421,5052374.809]},"properties":{"POTEAU_ID_POT":173983,"DATE_CONCEPTION_POT":20080714000000,"DESCRIPTION_REP":"Réel","DESCRIPTION_RTP":"3- Fût","X":301095.421,"Y":5052374.809,"ID_ARRONDISSEMENT":"9","TRC_ID":1614223}}
,{"type":"Feature","geometry":{"type":"Point","coordinates":[301093.243,5052375.79]},"properties":{"POTEAU_ID_POT":173984,"DATE_CONCEPTION_POT":20080714000000,"DESCRIPTION_REP":"Réel","DESCRIPTION_RTP":"1- Tige et base","X":301093.243,"Y":5052375.79,"ID_ARRONDISSEMENT":"9","TRC_ID":1614223}}
,{"type":"Feature","geometry":{"type":"Point","coordinates":[301054.004,5052400.234]},"properties":{"POTEAU_ID_POT":173985,"DATE_CONCEPTION_POT":20080714000000,"DESCRIPTION_REP":"Réel","DESCRIPTION_RTP":"2- Tige et manchon","X":301054.004,"Y":5052400.234,"ID_ARRONDISSEMENT":"9","TRC_ID":1614223}}
,{"type":"Feature","geometry":{"type":"Point","coordinates":[301044.972,5052405.914]},"properties":{"POTEAU_ID_POT":173986,"DATE_CONCEPTION_POT":20080714000000,"DESCRIPTION_REP":"Réel","DESCRIPTION_RTP":"3- Fût","X":301044.972,"Y":5052405.914,"ID_ARRONDISSEMENT":"9","TRC_ID":1614223}}
,{"type":"Feature","geometry":{"type":"Point","coordinates":[299383.692,5054822.563]},"properties":{"POTEAU_ID_POT":126064,"DATE_CONCEPTION_POT":null,"DESCRIPTION_REP":"Enlevé","DESCRIPTION_RTP":"4- Poteau en bois","X":299383.692,"Y":5054822.563,"ID_ARRONDISSEMENT":"9","TRC_ID":4009202}}
,{"type":"Feature","geometry":{"type":"Point","coordinates":[299391.165,5054829.943]},"properties":{"POTEAU_ID_POT":126065,"DATE_CONCEPTION_POT":20010613000000,"DESCRIPTION_REP":"Réel","DESCRIPTION_RTP":"1- Tige et base","X":299391.165,"Y":5054829.943,"ID_ARRONDISSEMENT":"9","TRC_ID":4009202}}
,{"type":"Feature","geometry":{"type":"Point","coordinates":[299427.368,5051042.396]},"properties":{"POTEAU_ID_POT":176941,"DATE_CONCEPTION_POT":20081016000000,"DESCRIPTION_REP":"En conception","DESCRIPTION_RTP":"13- Poteau en acier","X":299427.368,"Y":5051042.396,"ID_ARRONDISSEMENT":"9","TRC_ID":1613279}}
,{"type":"Feature","geometry":{"type":"Point","coordinates":[298800.75,5054288.5]},"properties":{"POTEAU_ID_POT":125975,"DATE_CONCEPTION_POT":20100127000000,"DESCRIPTION_REP":"Réel","DESCRIPTION_RTP":"10- Fût et feux","X":298800.75,"Y":5054288.5,"ID_ARRONDISSEMENT":"9","TRC_ID":1624607}}
,{"type":"Feature","geometry":{"type":"Point","coordinates":[297964.813,5053476]},"properties":{"POTEAU_ID_POT":125820,"DATE_CONCEPTION_POT":20081014000000,"DESCRIPTION_REP":"Réel","DESCRIPTION_RTP":"3- Fût","X":297964.813,"Y":5053476,"ID_ARRONDISSEMENT":"9","TRC_ID":1624595}}
,{"type":"Feature","geometry":{"type":"Point","coordinates":[297694.728,5052198.421]},"properties":{"POTEAU_ID_POT":173642,"DATE_CONCEPTION_POT":20080707000000,"DESCRIPTION_REP":"Réel","DESCRIPTION_RTP":"3- Fût","X":297694.728,"Y":5052198.421,"ID_ARRONDISSEMENT":"9","TRC_ID":4001563}}
,{"type":"Feature","geometry":{"type":"Point","coordinates":[301915.72,5051569.599]},"properties":{"POTEAU_ID_POT":120769,"DATE_CONCEPTION_POT":20010124000000,"DESCRIPTION_REP":"Réel","DESCRIPTION_RTP":"3- Fût","X":301915.72,"Y":5051569.599,"ID_ARRONDISSEMENT":"9","TRC_ID":1450332}}
,{"type":"Feature","geometry":{"type":"Point","coordinates":[297309.281,5052820.069]},"properties":{"POTEAU_ID_POT":125678,"DATE_CONCEPTION_POT":20010613000000,"DESCRIPTION_REP":"Réel","DESCRIPTION_RTP":"1- Tige et base","X":297309.281,"Y":5052820.069,"ID_ARRONDISSEMENT":"9","TRC_ID":1625474}}
,{"type":"Feature","geometry":{"type":"Point","coordinates":[297737.674,5052186.343]},"properties":{"POTEAU_ID_POT":173650,"DATE_CONCEPTION_POT":20080707000000,"DESCRIPTION_REP":"Réel","DESCRIPTION_RTP":"2- Tige et manchon","X":297737.674,"Y":5052186.343,"ID_ARRONDISSEMENT":"9","TRC_ID":4001563}}
,{"type":"Feature","geometry":{"type":"Point","coordinates":[297691.171,5052215.089]},"properties":{"POTEAU_ID_POT":173651,"DATE_CONCEPTION_POT":20080707000000,"DESCRIPTION_REP":"Réel","DESCRIPTION_RTP":"2- Tige et manchon","X":297691.171,"Y":5052215.089,"ID_ARRONDISSEMENT":"9","TRC_ID":4001563}}
,{"type":"Feature","geometry":{"type":"Point","coordinates":[301577.67,5052181.078]},"properties":{"POTEAU_ID_POT":3104,"DATE_CONCEPTION_POT":19990428000000,"DESCRIPTION_REP":"Réel","DESCRIPTION_RTP":"1- Tige et base","X":301577.67,"Y":5052181.078,"ID_ARRONDISSEMENT":"9","TRC_ID":1460100}}
,{"type":"Feature","geometry":{"type":"Point","coordinates":[297650.423,5052213.707]},"properties":{"POTEAU_ID_POT":173652,"DATE_CONCEPTION_POT":20080707000000,"DESCRIPTION_REP":"Réel","DESCRIPTION_RTP":"2- Tige et manchon","X":297650.423,"Y":5052213.707,"ID_ARRONDISSEMENT":"9","TRC_ID":4001563}}
,{"type":"Feature","geometry":{"type":"Point","coordinates":[301513.408,5052203.64]},"properties":{"POTEAU_ID_POT":3111,"DATE_CONCEPTION_POT":19990428000000,"DESCRIPTION_REP":"Réel","DESCRIPTION_RTP":"4- Poteau en bois","X":301513.408,"Y":5052203.64,"ID_ARRONDISSEMENT":"9","TRC_ID":1614260}}
,{"type":"Feature","geometry":{"type":"Point","coordinates":[301503.386,5052207.97]},"properties":{"POTEAU_ID_POT":3113,"DATE_CONCEPTION_POT":19990428000000,"DESCRIPTION_REP":"Réel","DESCRIPTION_RTP":"1- Tige et base","X":301503.386,"Y":5052207.97,"ID_ARRONDISSEMENT":"9","TRC_ID":1614260}}
,{"type":"Feature","geometry":{"type":"Point","coordinates":[301745.977,5051777.949]},"properties":{"POTEAU_ID_POT":3374,"DATE_CONCEPTION_POT":19990428000000,"DESCRIPTION_REP":"Réel","DESCRIPTION_RTP":"1- Tige et base","X":301745.977,"Y":5051777.949,"ID_ARRONDISSEMENT":"9","TRC_ID":1614169}}
,{"type":"Feature","geometry":{"type":"Point","coordinates":[297629.219,5052178.5]},"properties":{"POTEAU_ID_POT":173653,"DATE_CONCEPTION_POT":20080707000000,"DESCRIPTION_REP":"Réel","DESCRIPTION_RTP":"1- Tige et base","X":297629.219,"Y":5052178.5,"ID_ARRONDISSEMENT":"9","TRC_ID":4001563}}
,{"type":"Feature","geometry":{"type":"Point","coordinates":[297913.406,5053406.5]},"properties":{"POTEAU_ID_POT":176723,"DATE_CONCEPTION_POT":20081014000000,"DESCRIPTION_REP":"Réel","DESCRIPTION_RTP":"2- Tige et manchon","X":297913.406,"Y":5053406.5,"ID_ARRONDISSEMENT":"9","TRC_ID":1624596}}
,{"type":"Feature","geometry":{"type":"Point","coordinates":[297652.531,5052191.5]},"properties":{"POTEAU_ID_POT":173641,"DATE_CONCEPTION_POT":20080707000000,"DESCRIPTION_REP":"Réel","DESCRIPTION_RTP":"3- Fût","X":297652.531,"Y":5052191.5,"ID_ARRONDISSEMENT":"9","TRC_ID":4001563}}
,{"type":"Feature","geometry":{"type":"Point","coordinates":[298250.031,5053735.5]},"properties":{"POTEAU_ID_POT":125878,"DATE_CONCEPTION_POT":20081014000000,"DESCRIPTION_REP":"Réel","DESCRIPTION_RTP":"3- Fût","X":298250.031,"Y":5053735.5,"ID_ARRONDISSEMENT":"9","TRC_ID":1624601}}
,{"type":"Feature","geometry":{"type":"Point","coordinates":[298240.087,5053724.87]},"properties":{"POTEAU_ID_POT":176729,"DATE_CONCEPTION_POT":20081014000000,"DESCRIPTION_REP":"Réel","DESCRIPTION_RTP":"10- Fût et feux","X":298240.087,"Y":5053724.87,"ID_ARRONDISSEMENT":"9","TRC_ID":1624600}}
,{"type":"Feature","geometry":{"type":"Point","coordinates":[298159.938,5053647.5]},"properties":{"POTEAU_ID_POT":125866,"DATE_CONCEPTION_POT":20081014000000,"DESCRIPTION_REP":"Réel","DESCRIPTION_RTP":"1- Tige et base","X":298159.938,"Y":5053647.5,"ID_ARRONDISSEMENT":"9","TRC_ID":1624600}}
,{"type":"Feature","geometry":{"type":"Point","coordinates":[297947.281,5053459]},"properties":{"POTEAU_ID_POT":171999,"DATE_CONCEPTION_POT":20081014000000,"DESCRIPTION_REP":"Réel","DESCRIPTION_RTP":"3- Fût","X":297947.281,"Y":5053459,"ID_ARRONDISSEMENT":"9","TRC_ID":1624595}}
,{"type":"Feature","geometry":{"type":"Point","coordinates":[297517.254,5053042.301]},"properties":{"POTEAU_ID_POT":125721,"DATE_CONCEPTION_POT":20010613000000,"DESCRIPTION_REP":"Réel","DESCRIPTION_RTP":"3- Fût","X":297517.254,"Y":5053042.301,"ID_ARRONDISSEMENT":"9","TRC_ID":1624590}}
,{"type":"Feature","geometry":{"type":"Point","coordinates":[298088.563,5053577.5]},"properties":{"POTEAU_ID_POT":125857,"DATE_CONCEPTION_POT":20081014000000,"DESCRIPTION_REP":"Réel","DESCRIPTION_RTP":"1- Tige et base","X":298088.563,"Y":5053577.5,"ID_ARRONDISSEMENT":"9","TRC_ID":1624600}}
,{"type":"Feature","geometry":{"type":"Point","coordinates":[297682.946,5053183.775]},"properties":{"POTEAU_ID_POT":125792,"DATE_CONCEPTION_POT":null,"DESCRIPTION_REP":"Enlevé","DESCRIPTION_RTP":"4- Poteau en bois","X":297682.946,"Y":5053183.775,"ID_ARRONDISSEMENT":"9","TRC_ID":1624593}}
,{"type":"Feature","geometry":{"type":"Point","coordinates":[301161.002,5052334.652]},"properties":{"POTEAU_ID_POT":173978,"DATE_CONCEPTION_POT":20080714000000,"DESCRIPTION_REP":"Réel","DESCRIPTION_RTP":"1- Tige et base","X":301161.002,"Y":5052334.652,"ID_ARRONDISSEMENT":"9","TRC_ID":1614243}}
,{"type":"Feature","geometry":{"type":"Point","coordinates":[297917.091,5053408.586]},"properties":{"POTEAU_ID_POT":125807,"DATE_CONCEPTION_POT":null,"DESCRIPTION_REP":"Enlevé","DESCRIPTION_RTP":"4- Poteau en bois","X":297917.091,"Y":5053408.586,"ID_ARRONDISSEMENT":"9","TRC_ID":1624596}}
,{"type":"Feature","geometry":{"type":"Point","coordinates":[297966.02,5053457.891]},"properties":{"POTEAU_ID_POT":125827,"DATE_CONCEPTION_POT":null,"DESCRIPTION_REP":"Enlevé","DESCRIPTION_RTP":"4- Poteau en bois","X":297966.02,"Y":5053457.891,"ID_ARRONDISSEMENT":"9","TRC_ID":1624597}}
,{"type":"Feature","geometry":{"type":"Point","coordinates":[297730.143,5052106.647]},"properties":{"POTEAU_ID_POT":173648,"DATE_CONCEPTION_POT":20080707000000,"DESCRIPTION_REP":"Réel","DESCRIPTION_RTP":"2- Tige et manchon","X":297730.143,"Y":5052106.647,"ID_ARRONDISSEMENT":"9","TRC_ID":4001563}}
,{"type":"Feature","geometry":{"type":"Point","coordinates":[297761.958,5052165.519]},"properties":{"POTEAU_ID_POT":173649,"DATE_CONCEPTION_POT":20080707000000,"DESCRIPTION_REP":"Réel","DESCRIPTION_RTP":"2- Tige et manchon","X":297761.958,"Y":5052165.519,"ID_ARRONDISSEMENT":"9","TRC_ID":4001563}}
,{"type":"Feature","geometry":{"type":"Point","coordinates":[298464.531,5053962.5]},"properties":{"POTEAU_ID_POT":125915,"DATE_CONCEPTION_POT":20070914000000,"DESCRIPTION_REP":"Réel","DESCRIPTION_RTP":"2- Tige et manchon","X":298464.531,"Y":5053962.5,"ID_ARRONDISSEMENT":"9","TRC_ID":1624602}}
,{"type":"Feature","geometry":{"type":"Point","coordinates":[297982.094,5053494]},"properties":{"POTEAU_ID_POT":171998,"DATE_CONCEPTION_POT":20081017000000,"DESCRIPTION_REP":"Réel","DESCRIPTION_RTP":"3- Fût","X":297982.094,"Y":5053494,"ID_ARRONDISSEMENT":"9","TRC_ID":1624595}}
,{"type":"Feature","geometry":{"type":"Point","coordinates":[298145.531,5053653.5]},"properties":{"POTEAU_ID_POT":125861,"DATE_CONCEPTION_POT":20081017000000,"DESCRIPTION_REP":"Réel","DESCRIPTION_RTP":"2- Tige et manchon","X":298145.531,"Y":5053653.5,"ID_ARRONDISSEMENT":"9","TRC_ID":1624598}}
,{"type":"Feature","geometry":{"type":"Point","coordinates":[297830.688,5053347]},"properties":{"POTEAU_ID_POT":125765,"DATE_CONCEPTION_POT":20081014000000,"DESCRIPTION_REP":"Réel","DESCRIPTION_RTP":"2- Tige et manchon","X":297830.688,"Y":5053347,"ID_ARRONDISSEMENT":"9","TRC_ID":1624594}}
,{"type":"Feature","geometry":{"type":"Point","coordinates":[298058.688,5053568]},"properties":{"POTEAU_ID_POT":125847,"DATE_CONCEPTION_POT":20010613000000,"DESCRIPTION_REP":"Réel","DESCRIPTION_RTP":"3- Fût","X":298058.688,"Y":5053568,"ID_ARRONDISSEMENT":"9","TRC_ID":1624598}}
,{"type":"Feature","geometry":{"type":"Point","coordinates":[298094.372,5053583.473]},"properties":{"POTEAU_ID_POT":125855,"DATE_CONCEPTION_POT":null,"DESCRIPTION_REP":"Enlevé","DESCRIPTION_RTP":"4- Poteau en bois","X":298094.372,"Y":5053583.473,"ID_ARRONDISSEMENT":"9","TRC_ID":1624600}}
,{"type":"Feature","geometry":{"type":"Point","coordinates":[297927.813,5053440]},"properties":{"POTEAU_ID_POT":125818,"DATE_CONCEPTION_POT":20081014000000,"DESCRIPTION_REP":"Réel","DESCRIPTION_RTP":"10- Fût et feux","X":297927.813,"Y":5053440,"ID_ARRONDISSEMENT":"9","TRC_ID":1624595}}
,{"type":"Feature","geometry":{"type":"Point","coordinates":[298160.375,5053668]},"properties":{"POTEAU_ID_POT":125870,"DATE_CONCEPTION_POT":20081014000000,"DESCRIPTION_REP":"Réel","DESCRIPTION_RTP":"3- Fût","X":298160.375,"Y":5053668,"ID_ARRONDISSEMENT":"9","TRC_ID":1624598}}
,{"type":"Feature","geometry":{"type":"Point","coordinates":[298285.346,5053769.421]},"properties":{"POTEAU_ID_POT":125885,"DATE_CONCEPTION_POT":20010613000000,"DESCRIPTION_REP":"Réel","DESCRIPTION_RTP":"1- Tige et base","X":298285.346,"Y":5053769.421,"ID_ARRONDISSEMENT":"9","TRC_ID":1624601}}
,{"type":"Feature","geometry":{"type":"Point","coordinates":[298757.182,5054227.995]},"properties":{"POTEAU_ID_POT":125969,"DATE_CONCEPTION_POT":null,"DESCRIPTION_REP":"Enlevé","DESCRIPTION_RTP":"4- Poteau en bois","X":298757.182,"Y":5054227.995,"ID_ARRONDISSEMENT":"9","TRC_ID":1624605}}
,{"type":"Feature","geometry":{"type":"Point","coordinates":[301550.765,5052092.453]},"properties":{"POTEAU_ID_POT":173997,"DATE_CONCEPTION_POT":20080714000000,"DESCRIPTION_REP":"Réel","DESCRIPTION_RTP":"3- Fût","X":301550.765,"Y":5052092.453,"ID_ARRONDISSEMENT":"9","TRC_ID":1625049}}
,{"type":"Feature","geometry":{"type":"Point","coordinates":[301544.934,5052095.69]},"properties":{"POTEAU_ID_POT":173998,"DATE_CONCEPTION_POT":20080714000000,"DESCRIPTION_REP":"Réel","DESCRIPTION_RTP":"2- Tige et manchon","X":301544.934,"Y":5052095.69,"ID_ARRONDISSEMENT":"9","TRC_ID":1625049}}
]}
